#
# A fatal error has been detected by the Java Runtime Environment:
#
#  SIGSEGV (0xb) at pc=0x00007f9c7222deb5, pid=31786, tid=31916
#
# JRE version: OpenJDK Runtime Environment (26.0.2) (build 26.0.2)
# Java VM: OpenJDK 64-Bit Server VM (26.0.2, mixed mode, sharing, tiered, compressed oops, compressed class ptrs, g1 gc, linux-amd64)
# Problematic frame:
# V  [libjvm.so+0x102deb5]
#
# Core dump will be written. Default location: Determined by the following: "/usr/lib/systemd/systemd-coredump %P %u %g %s %t %c %h %d %F" (alternatively, falling back to /home/matthias/Dokumente/studium/I/Prog_2/core.31786)
#
# If you would like to submit a bug report, please visit:
#   https://bugreport.java.com/bugreport/crash.jsp
#

---------------  S U M M A R Y ------------

Command Line: -Djdk.xml.totalEntitySizeLimit=0 -Declipse.application=org.eclipse.jdt.ls.core.id1 -Dosgi.bundles.defaultStartLevel=4 -Declipse.product=org.eclipse.jdt.ls.core.product -Dosgi.checkConfiguration=true -Dosgi.sharedConfiguration.area=/home/matthias/.local/share/nvim/mason/packages/jdtls/config_linux -Dosgi.sharedConfiguration.area.readOnly=true -Dosgi.configuration.cascaded=true -Xms1G --add-modules=ALL-SYSTEM --add-opens=java.base/java.util=ALL-UNNAMED --add-opens=java.base/java.lang=ALL-UNNAMED -javaagent:/home/matthias/.local/share/nvim/mason/share/jdtls/lombok.jar /home/matthias/.local/share/nvim/mason/packages/jdtls/plugins/org.eclipse.equinox.launcher_1.7.100.v20251111-0406.jar -data /home/matthias/.cache/nvim/jdtls/studium/workspace -configuration /home/matthias/.cache/nvim/jdtls/studium/config

Host: Intel(R) Core(TM) i7-10610U CPU @ 1.80GHz, 8 cores, 15G, CachyOS
Time: Mon Apr 27 10:08:39 2026 CEST elapsed time: 10.569626 seconds (0d 0h 0m 10s)

---------------  T H R E A D  ---------------

Current thread (0x00007f9c2400baf0):  WorkerThread "GC Thread#6"    [id=31916, stack(0x00007f9c368f2000,0x00007f9c369f2000) (1024K)]

Stack: [0x00007f9c368f2000,0x00007f9c369f2000],  sp=0x00007f9c369f0930,  free space=1018k
Native frames: (J=compiled Java code, j=interpreted, Vv=VM code, C=native code)
V  [libjvm.so+0x102deb5]
V  [libjvm.so+0x6a4e94]
V  [libjvm.so+0x6ae33e]
V  [libjvm.so+0x6be2ff]
V  [libjvm.so+0x6b9753]
V  [libjvm.so+0xfa1484]
V  [libjvm.so+0xb9622d]

siginfo: si_signo: 11 (SIGSEGV), si_code: 2 (SEGV_ACCERR), si_addr: 0x000000004c000008
Error accessing class data sharing archive. Mapped file inaccessible during execution, possible disk/network problem.
Registers:
RAX=0x000000004c000000, RBX=0x00007f9be4005a50, RCX=0x0000000000000001, RDX=0x0000000000000000
RSP=0x00007f9c369f0930, RBP=0x00007f9c369f09d0, RSI=0x00007f9c72557c40, RDI=0x0000000000000000
R8 =0x0000000000000000, R9 =0x000000074246612c, R10=0x0000000000000000, R11=0x0000000000000005
R12=0x000000074246612d, R13=0x0000000000000000, R14=0x00000007449a7e08, R15=0x00007f9c7257cfd0
RIP=0x00007f9c7222deb5, EFLAGS=0x0000000000010206, CSGSFS=0x002b000000000033, ERR=0x0000000000000004
  TRAPNO=0x000000000000000e

XMM[0]=0x00000048001758d8 0x0000000000000001
XMM[1]=0x747369642f67726f 0x2e656c646172672e
XMM[2]=0x6c696d2d302e382d 0x656c646172672f73
XMM[3]=0x2e656c646172672e 0x7365636976726573
XMM[4]=0xe87608ffe8760802 0xe87606f7e87605c8
XMM[5]=0xe87623f7e87622fe 0xe8762205e876210c
XMM[6]=0xe8761c09e8761b0d 0xe87619fae87618fe
XMM[7]=0xe87613f2e87612bc 0xe87611bfe87610b9
XMM[8]=0xe8760b3de8760a0e 0xe87608ffe8760802
XMM[9]=0x0000000000000000 0x0000000000000000
XMM[10]=0x0000000000000000 0x0000000000000000
XMM[11]=0x9999999999999999 0x9999999999999999
XMM[12]=0x0000000000000000 0x0000000000000000
XMM[13]=0x00007f9c5b341a87 0x00007f9c5b341a87
XMM[14]=0x0000000000000000 0x0000000000000000
XMM[15]=0x0000000000000000 0x0000000000000000
  MXCSR=0x00001fa2


Register to memory mapping:

RAX=0x000000004c000000 points into nKlass protection zone
RBX=0x00007f9be4005a50 points into unknown readable memory: 0x00007f9c72554038 | 38 40 55 72 9c 7f 00 00
RCX=0x0000000000000001 is an unknown value
RDX=0x0 is null
RSP=0x00007f9c369f0930 points into unknown readable memory: 0x0000000000000000 | 00 00 00 00 00 00 00 00
RBP=0x00007f9c369f09d0 points into unknown readable memory: 0x00007f9c369f0b90 | 90 0b 9f 36 9c 7f 00 00
RSI=0x00007f9c72557c40: <offset 0x0000000001357c40> in /usr/lib/jvm/java-26-openjdk/lib/server/libjvm.so at 0x00007f9c71200000
RDI=0x0 is null
R8 =0x0 is null
R9 =0x000000074246612c is pointing into object: com.google.gson.internal.LinkedTreeMap$Node 
{0x0000000742466110} - klass: 'com/google/gson/internal/LinkedTreeMap$Node' - flags: 

 - ---- fields (total size 6 words):
 - 'height' 'I' @12  5 (0x00000005)
 - final 'allowNullValue' 'Z' @16  true (0x01)
 - 'parent' 'Lcom/google/gson/internal/LinkedTreeMap$Node;' @20  null (0x00000000)
 - 'left' 'Lcom/google/gson/internal/LinkedTreeMap$Node;' @24  a 'com/google/gson/internal/LinkedTreeMap$Node'{0x0000000742466140} (0xe848cc28)
 - 'right' 'Lcom/google/gson/internal/LinkedTreeMap$Node;' @28  null klass (0xe8934fc1)
 - 'next' 'Lcom/google/gson/internal/LinkedTreeMap$Node;' @32  a 'com/google/gson/internal/LinkedTreeMap$Node'{0x00000007441a7c68} (0xe8834f8d)
 - 'prev' 'Lcom/google/gson/internal/LinkedTreeMap$Node;' @36  a 'com/google/gson/internal/LinkedTreeMap$Node'{0x00000007441a7ba8} (0xe8834f75)
 - final 'key' 'Ljava/lang/Object;' @40  "current"{0x00000007441a7bd8} (0xe8834f7b)
 - 'value' 'Ljava/lang/Object;' @44  "false"{0x00000007ffe3d3f8} (0xfffc7a7f)
R10=0x0 is null
R11=0x0000000000000005 is an unknown value
R12=0x000000074246612d is pointing into object: com.google.gson.internal.LinkedTreeMap$Node 
{0x0000000742466110} - klass: 'com/google/gson/internal/LinkedTreeMap$Node' - flags: 

 - ---- fields (total size 6 words):
 - 'height' 'I' @12  5 (0x00000005)
 - final 'allowNullValue' 'Z' @16  true (0x01)
 - 'parent' 'Lcom/google/gson/internal/LinkedTreeMap$Node;' @20  null (0x00000000)
 - 'left' 'Lcom/google/gson/internal/LinkedTreeMap$Node;' @24  a 'com/google/gson/internal/LinkedTreeMap$Node'{0x0000000742466140} (0xe848cc28)
 - 'right' 'Lcom/google/gson/internal/LinkedTreeMap$Node;' @28  null klass (0xe8934fc1)
 - 'next' 'Lcom/google/gson/internal/LinkedTreeMap$Node;' @32  a 'com/google/gson/internal/LinkedTreeMap$Node'{0x00000007441a7c68} (0xe8834f8d)
 - 'prev' 'Lcom/google/gson/internal/LinkedTreeMap$Node;' @36  a 'com/google/gson/internal/LinkedTreeMap$Node'{0x00000007441a7ba8} (0xe8834f75)
 - final 'key' 'Ljava/lang/Object;' @40  "current"{0x00000007441a7bd8} (0xe8834f7b)
 - 'value' 'Ljava/lang/Object;' @44  "false"{0x00000007ffe3d3f8} (0xfffc7a7f)
R13=0x0 is null
R14=
[error occurred during error reporting (printing register info), id 0xb, SIGSEGV (0xb) at pc=0x00007f9c718366b1]
R15=0x00007f9c7257cfd0: <offset 0x000000000137cfd0> in /usr/lib/jvm/java-26-openjdk/lib/server/libjvm.so at 0x00007f9c71200000

Top of Stack: (sp=0x00007f9c369f0930)
0x00007f9c369f0930:   0000000000000000 0000000000000000   ................
0x00007f9c369f0940:   0000000000000001 000000000000000b   ................
0x00007f9c369f0950:   00007f9c6c0fca10 0000000700000001   ...l............
0x00007f9c369f0960:   00000007449a7e08 000000004c000000   .~.D.......L....
0x00007f9c369f0970:   00007f9c7257cfc8 00000040725ae2c0   ..Wr......Zr@...
0x00007f9c369f0980:   000000074246612c 00007f9c725acb90   ,aFB......Zr....
0x00007f9c369f0990:   00000100000109d0 0000000000000001   ................
0x00007f9c369f09a0:   0000000000000002 00007f9be4005a50   ........PZ......
0x00007f9c369f09b0:   00007f9c5271d0d6 00007f9c725ae2c0   ..qR......Zr....
0x00007f9c369f09c0:   00007f9c5271d100 000000070be1ac00   ..qR............
0x00007f9c369f09d0:   00007f9c369f0b90 00007f9c718a4e94   ...6.....N.q....
0x00007f9c369f09e0:   00007f9c6c01bf80 00007f9c6c01de30   ...l....0..l....
0x00007f9c369f09f0:   00007f9c369f0a40 00007f9c718b74c8   @..6.....t.q....
0x00007f9c369f0a00:   00007f9c369f0c40 00007f9c00002020   @..6....  ......
0x00007f9c369f0a10:   00007f9be40033e8 000000002b0b1dd6   .3.........+....
0x00007f9c369f0a20:   0000000000000020 0000000000000020    ....... .......
0x00007f9c369f0a30:   0000000000000020 0000000000000020    ....... .......
0x00007f9c369f0a40:   0000000000000003 0000000000000020   ........ .......
0x00007f9c369f0a50:   0000000000000020 0000000000000020    ....... .......
0x00007f9c369f0a60:   00007f9c369f0c40 00007f9c720d724b   @..6....Kr.r....
0x00007f9c369f0a70:   00007f9c6c01bf00 00007f9c6c01bf80   ...l.......l....
0x00007f9c369f0a80:   0000000000000020 0000000000000020    ....... .......
0x00007f9c369f0a90:   0000000000000020 0000000000000020    ....... .......
0x00007f9c369f0aa0:   00007f9c5271d0d6 0000000000000000   ..qR............
0x00007f9c369f0ab0:   00007f9c6c062580 0000000000000003   .%.l............
0x00007f9c369f0ac0:   00007f9c7252aab8 0000000000000000   ..Rr............
0x00007f9c369f0ad0:   0000000275823ca0 00000005a9a3fd3c   .<.u....<.......
0x00007f9c369f0ae0:   0000000000000002 0000000000000000   ................
0x00007f9c369f0af0:   0000000000008104 0000000000000005   ................
0x00007f9c369f0b00:   00007f9c2400c0a0 00007f9c00001f60   ...$....`.......
0x00007f9c369f0b10:   00007f9c00001f78 00007f9c00002350   x.......P#......
0x00007f9c369f0b20:   00000000000003d8 0000000000000001   ................

Instructions: (pc=0x00007f9c7222deb5)
  0x00007f9c7222ddb5:   49 c1 ea 2a 48 8d 05 88 9e 32 00 8b 00 c4 42 f9
  0x00007f9c7222ddc5:   f7 d2 48 8d 05 72 9e 32 00 4c 03 10 41 8b 42 08
  0x00007f9c7222ddd5:   85 c0 0f 8e 6b 0c 00 00 a8 01 0f 85 66 0f 00 00
  0x00007f9c7222dde5:   c1 f8 03 48 63 c8 45 84 c0 74 0c 66 41 83 7a 0c
  0x00007f9c7222ddf5:   05 0f 84 9c 1a 00 00 4c 89 5d c8 45 84 ff 0f 85
  0x00007f9c7222de05:   77 0a 00 00 48 8d 05 34 9c 34 00 80 38 01 0f 84
  0x00007f9c7222de15:   14 04 00 00 4c 89 d8 83 e0 03 48 83 f8 02 0f 85
  0x00007f9c7222de25:   04 04 00 00 48 89 4d 90 48 8d 7d c8 4c 89 55 98
  0x00007f9c7222de35:   4c 89 5d a0 44 88 45 b0 88 55 b8 67 e8 ca 7f aa
  0x00007f9c7222de45:   ff 0f b6 55 b8 44 0f b6 45 b0 48 c1 e8 03 4c 8b
  0x00007f9c7222de55:   5d a0 4c 8b 55 98 48 8b 4d 90 83 e0 0f e9 d0 03
  0x00007f9c7222de65:   00 00 66 0f 1f 84 00 00 00 00 00 49 83 e2 fc 4c
  0x00007f9c7222de75:   89 d6 4d 89 d6 48 29 fe e9 1f f0 ff ff 48 8d 05
  0x00007f9c7222de85:   94 9e 34 00 80 38 00 0f 84 a7 0d 00 00 4c 89 d0
  0x00007f9c7222de95:   48 c1 e8 2a 48 8d 35 a8 9d 32 00 8b 36 c4 e2 c9
  0x00007f9c7222dea5:   f7 c0 48 8d 35 92 9d 32 00 48 03 06 48 89 45 98
=>0x00007f9c7222deb5:   8b 40 08 85 c0 0f 8e 17 0b 00 00 a8 01 0f 85 41
  0x00007f9c7222dec5:   0e 00 00 c1 f8 03 4c 63 d8 84 d2 74 0f 48 8b 45
  0x00007f9c7222ded5:   98 66 83 78 0c 05 0f 84 6d 19 00 00 4c 89 55 c8
  0x00007f9c7222dee5:   45 84 ed 0f 85 31 0a 00 00 4c 89 d0 83 e0 03 48
  0x00007f9c7222def5:   83 f8 02 0f 85 4e 02 00 00 48 8d 05 3f 9b 34 00
  0x00007f9c7222df05:   80 38 01 0f 84 3e 02 00 00 4c 89 9d 78 ff ff ff
  0x00007f9c7222df15:   48 8d 7d c8 4c 89 55 80 88 55 88 88 4d b8 67 e8
  0x00007f9c7222df25:   e7 7e aa ff 0f b6 4d b8 0f b6 55 88 48 c1 e8 03
  0x00007f9c7222df35:   4c 8b 55 80 4c 8b 9d 78 ff ff ff 83 e0 0f e9 0e
  0x00007f9c7222df45:   02 00 00 0f 1f 84 00 00 00 00 00 49 8b 95 c0 02
  0x00007f9c7222df55:   00 00 48 83 ee 01 48 8d 04 c2 48 8b 38 49 89 b5
  0x00007f9c7222df65:   b0 02 00 00 49 89 bd c0 02 00 00 e9 0f fc ff ff
  0x00007f9c7222df75:   41 8b 44 24 08 e9 78 e8 ff ff 41 8b 44 24 08 e9
  0x00007f9c7222df85:   a6 e9 ff ff 48 8d 05 28 78 35 00 48 8b 53 18 8b
  0x00007f9c7222df95:   00 c4 c2 fb f7 c4 48 03 42 30 80 38 ff 0f 85 98
  0x00007f9c7222dfa5:   e6 ff ff c6 00 00 48 83 83 50 02 00 00 01 e9 88


Stack slot to memory mapping:

stack at sp + 0 slots: 0x0 is null
stack at sp + 1 slots: 0x0 is null
stack at sp + 2 slots: 0x0000000000000001 is an unknown value
stack at sp + 3 slots: 0x000000000000000b is an unknown value
stack at sp + 4 slots: 0x00007f9c6c0fca10 points into unknown readable memory: 0x0000000744000000 | 00 00 00 44 07 00 00 00
stack at sp + 5 slots: 0x0000000700000001 is an unknown value
stack at sp + 6 slots: 
[error occurred during error reporting (inspecting top of stack), id 0xb, SIGSEGV (0xb) at pc=0x00007f9c718366b1]
stack at sp + 7 slots: 0x000000004c000000 points into nKlass protection zone


---------------  P R O C E S S  ---------------

Threads class SMR info:
_java_thread_list=0x00007f9c6c384960, length=26, elements={
0x00007f9c6c01bf80, 0x00007f9c6c133b70, 0x00007f9c6c134d20, 0x00007f9c6c1365b0,
0x00007f9c6c137e10, 0x00007f9c6c139660, 0x00007f9c6c13b840, 0x00007f9c6c13d210,
0x00007f9c6c19d180, 0x00007f9c6c1c03b0, 0x00007f9c6c31aad0, 0x00007f9c6c35bbc0,
0x00007f9c6c35e240, 0x00007f9bd43fb280, 0x00007f9bd448a4c0, 0x00007f9bd428ce50,
0x00007f9c0c39c2a0, 0x00007f9bd41e2560, 0x00007f9bd41ebc90, 0x00007f9bc00083d0,
0x00007f9c0cb21110, 0x00007f9bd456aa20, 0x00007f9bbc000f20, 0x00007f9ba8000f20,
0x00007f9bac000f20, 0x00007f9c6c3836b0
}

Java Threads: ( => current thread )
  0x00007f9c6c01bf80 JavaThread "main"                              [_thread_blocked, id=31831, stack(0x00007f9c71100000,0x00007f9c71200000) (1024K)]
  0x00007f9c6c133b70 JavaThread "Reference Handler"          daemon [_thread_blocked, id=31843, stack(0x00007f9c37cfe000,0x00007f9c37dfe000) (1024K)]
  0x00007f9c6c134d20 JavaThread "Finalizer"                  daemon [_thread_blocked, id=31844, stack(0x00007f9c37bfd000,0x00007f9c37cfd000) (1024K)]
  0x00007f9c6c1365b0 JavaThread "Signal Dispatcher"          daemon [_thread_blocked, id=31845, stack(0x00007f9c37700000,0x00007f9c37800000) (1024K)]
  0x00007f9c6c137e10 JavaThread "Service Thread"             daemon [_thread_blocked, id=31846, stack(0x00007f9c375ff000,0x00007f9c376ff000) (1024K)]
  0x00007f9c6c139660 JavaThread "Monitor Deflation Thread"   daemon [_thread_blocked, id=31847, stack(0x00007f9c374fe000,0x00007f9c375fe000) (1024K)]
  0x00007f9c6c13b840 JavaThread "C2 CompilerThread0"         daemon [_thread_in_native, id=31848, stack(0x00007f9c373fd000,0x00007f9c374fd000) (1024K)]
  0x00007f9c6c13d210 JavaThread "C1 CompilerThread0"         daemon [_thread_blocked, id=31849, stack(0x00007f9c372fc000,0x00007f9c373fc000) (1024K)]
  0x00007f9c6c19d180 JavaThread "Common-Cleaner"             daemon [_thread_blocked, id=31852, stack(0x00007f9c370fa000,0x00007f9c371fa000) (1024K)]
  0x00007f9c6c1c03b0 JavaThread "Notification Thread"        daemon [_thread_blocked, id=31897, stack(0x00007f9c371fb000,0x00007f9c372fb000) (1024K)]
  0x00007f9c6c31aad0 JavaThread "Active Thread: Equinox Container: cbc86bbb-ef3e-4ed7-88bf-7349cf171c25"        [_thread_blocked, id=31910, stack(0x00007f9c36df7000,0x00007f9c36ef7000) (1024K)]
  0x00007f9c6c35bbc0 JavaThread "Framework Event Dispatcher: Equinox Container: cbc86bbb-ef3e-4ed7-88bf-7349cf171c25" daemon [_thread_blocked, id=31919, stack(0x00007f9c365ef000,0x00007f9c366ef000) (1024K)]
  0x00007f9c6c35e240 JavaThread "Start Level: Equinox Container: cbc86bbb-ef3e-4ed7-88bf-7349cf171c25" daemon [_thread_blocked, id=31920, stack(0x00007f9c364ee000,0x00007f9c365ee000) (1024K)]
  0x00007f9bd43fb280 JavaThread "Bundle File Closer"         daemon [_thread_blocked, id=31937, stack(0x00007f9c363ed000,0x00007f9c364ed000) (1024K)]
  0x00007f9bd448a4c0 JavaThread "SCR Component Actor"        daemon [_thread_blocked, id=31944, stack(0x00007f9c36ff9000,0x00007f9c370f9000) (1024K)]
  0x00007f9bd428ce50 JavaThread "Worker-JM"                         [_thread_blocked, id=31945, stack(0x00007f9c366f0000,0x00007f9c367f0000) (1024K)]
  0x00007f9c0c39c2a0 JavaThread "C2 CompilerThread1"         daemon [_thread_blocked, id=31946, stack(0x00007f9c362ec000,0x00007f9c363ec000) (1024K)]
  0x00007f9bd41e2560 JavaThread "Worker-0: Repository registry initialization"        [_thread_blocked, id=31947, stack(0x00007f9c361eb000,0x00007f9c362eb000) (1024K)]
  0x00007f9bd41ebc90 JavaThread "Worker-1: Updating Maven Dependencies"        [_thread_blocked, id=31948, stack(0x00007f9c360ea000,0x00007f9c361ea000) (1024K)]
  0x00007f9bc00083d0 JavaThread "Worker-2: Initialize After Load"        [_thread_blocked, id=31971, stack(0x00007f9c35ee8000,0x00007f9c35fe8000) (1024K)]
  0x00007f9c0cb21110 JavaThread "C2 CompilerThread2"         daemon [_thread_blocked, id=31972, stack(0x00007f9c35de7000,0x00007f9c35ee7000) (1024K)]
  0x00007f9bd456aa20 JavaThread "Java indexing"              daemon [_thread_blocked, id=31973, stack(0x00007f9c35ce6000,0x00007f9c35de6000) (1024K)]
  0x00007f9bbc000f20 JavaThread "Worker-3"                          [_thread_blocked, id=31974, stack(0x00007f9c35be5000,0x00007f9c35ce5000) (1024K)]
  0x00007f9ba8000f20 JavaThread "Worker-4"                          [_thread_blocked, id=31975, stack(0x00007f9c35ae4000,0x00007f9c35be4000) (1024K)]
  0x00007f9bac000f20 JavaThread "Worker-5"                          [_thread_blocked, id=31976, stack(0x00007f9c359e3000,0x00007f9c35ae3000) (1024K)]
  0x00007f9c6c3836b0 JavaThread "pool-2-thread-1"                   [_thread_blocked, id=31977, stack(0x00007f9c358e2000,0x00007f9c359e2000) (1024K)]
Total: 26

Other Threads:
  0x00007f9c6c12aa60 VMThread "VM Thread"                           [id=31842, stack(0x00007f9c37dff000,0x00007f9c37eff000) (1024K)]
  0x00007f9c6c119170 WatcherThread "VM Periodic Task Thread"        [id=31841, stack(0x00007f9c37f00000,0x00007f9c38000000) (1024K)]
  0x00007f9c6c0699f0 WorkerThread "GC Thread#0"                     [id=31832, stack(0x00007f9c70322000,0x00007f9c70422000) (1024K)]
  0x00007f9c24007fe0 WorkerThread "GC Thread#1"                     [id=31911, stack(0x00007f9c36ef8000,0x00007f9c36ff8000) (1024K)]
  0x00007f9c240088e0 WorkerThread "GC Thread#2"                     [id=31912, stack(0x00007f9c36cf6000,0x00007f9c36df6000) (1024K)]
  0x00007f9c240093f0 WorkerThread "GC Thread#3"                     [id=31913, stack(0x00007f9c36bf5000,0x00007f9c36cf5000) (1024K)]
  0x00007f9c2400a0f0 WorkerThread "GC Thread#4"                     [id=31914, stack(0x00007f9c36af4000,0x00007f9c36bf4000) (1024K)]
  0x00007f9c2400adf0 WorkerThread "GC Thread#5"                     [id=31915, stack(0x00007f9c369f3000,0x00007f9c36af3000) (1024K)]
=>0x00007f9c2400baf0 WorkerThread "GC Thread#6"                     [id=31916, stack(0x00007f9c368f2000,0x00007f9c369f2000) (1024K)]
  0x00007f9c2400c830 WorkerThread "GC Thread#7"                     [id=31917, stack(0x00007f9c367f1000,0x00007f9c368f1000) (1024K)]
  0x00007f9c6c082060 ConcurrentGCThread "G1 Main Marker"            [id=31833, stack(0x00007f9c70221000,0x00007f9c70321000) (1024K)]
  0x00007f9c6c0831f0 WorkerThread "G1 Conc#0"                       [id=31834, stack(0x00007f9c70120000,0x00007f9c70220000) (1024K)]
  0x00007f9c40000cc0 WorkerThread "G1 Conc#1"                       [id=31949, stack(0x00007f9c35fe9000,0x00007f9c360e9000) (1024K)]
  0x00007f9c6c1099c0 WorkerThread "G1 Refinement Workers#0"         [id=31836, stack(0x00007f9c4c1f9000,0x00007f9c4c2f9000) (1024K)]
  0x00007f9c6c108780 ConcurrentGCThread "G1 Refine Control"         [id=31835, stack(0x00007f9c4c2fa000,0x00007f9c4c3fa000) (1024K)]
  0x00007f9c6c10aac0 ConcurrentGCThread "G1 Service"                [id=31837, stack(0x00007f9c4c0f8000,0x00007f9c4c1f8000) (1024K)]
Total: 16

Threads with active compile tasks:
C2 CompilerThread0  10589 3855       4       org.lombokweb.asm.ClassReader::readMethod (1070 bytes)
C1 CompilerThread0  10589 4598       2       jdk.internal.classfile.impl.StackCounter::<init> (2420 bytes)
C2 CompilerThread1  10589 4037   !   4       org.eclipse.osgi.internal.loader.classpath.ClasspathManager::findClassImpl (328 bytes)
C2 CompilerThread2  10589 4489       4       com.google.gson.stream.JsonReader::nextNonWhitespace (357 bytes)
Total: 4

VM state: at safepoint (normal execution)

VM Mutex/Monitor currently owned by a thread:  ([mutex/lock_event])
[0x00007f9c725beca8] Threads_lock - owner thread: 0x00007f9c6c12aa60
[0x00007f9c725bea28] Heap_lock - owner thread: 0x00007f9c6c01bf80

Heap address: 0x000000070be00000, size: 3906 MB, Compressed Oops mode: Zero based, Oop shift amount: 3

CDS archive(s) mapped at: [0x000000004c000000-0x000000004cda6000-0x000000004cda6000), size 14311424, SharedBaseAddress: 0x000000004c000000, ArchiveRelocationMode: 1.
Compressed class space mapped at: 0x000000004d000000-0x000000008d000000, reserved size: 1073741824
UseCompressedClassPointers 1, UseCompactObjectHeaders 0
Narrow klass pointer bits 32, Max shift 3
Narrow klass base: 0x000000004c000000, Narrow klass shift: 0
Encoding Range: [0x000000004c000000 - 0x000000014c000000), (4294967296 bytes)
Klass Range:    [0x000000004c000000 - 0x000000008d000000), (1090519040 bytes)
Klass ID Range:  [8 - 1090519033) (1090519025)
Protection zone: [0x000000004c000000 - 0x000000004c001000), (4096 bytes)

GC Precious Log:
 CardTable entry size: 512
 Card Set container configuration: InlinePtr #cards 4 size 8 Array Of Cards #cards 16 size 48 Howl #buckets 8 coarsen threshold 3686 Howl Bitmap #cards 512 size 80 coarsen threshold 460 Card regions per heap region 1 cards per card region 4096
 CPUs: 8 total, 8 available
 Memory: 15619M
 Large Page Support: Disabled
 NUMA Support: Disabled
 Compressed Oops: Enabled (Zero based)
 Heap Region Size: 2M
 Heap Min Capacity: 1G
 Heap Initial Capacity: 1G
 Heap Max Capacity: 3906M
 Pre-touch: Disabled
 Parallel Workers: 8
 Concurrent Workers: 2
 Concurrent Refinement Workers: 8
 Periodic GC: Disabled

Heap:
 garbage-first heap   total reserved 3999744K, committed 1050624K, used 153493K [0x000000070be00000, 0x0000000800000000)
  region size 2M, 69 eden (138M), 8 survivor (16M), 3 old (6M), 0 humongous (0M), 428 free (856M)

Heap Regions: E=young(eden), S=young(survivor), O=old, HS=humongous(starts), HC=humongous(continues), CS=collection set, F=free, TAMS=top-at-mark-start, PB=parsable bottom
|    0|0x000000070be00000, 0x000000070c000000, 0x000000070c000000|100%| O|  |TAMS 0x000000070be00000| PB 0x000000070be00000| Untracked |  0
|    1|0x000000070c000000, 0x000000070c200000, 0x000000070c200000|100%| O|  |TAMS 0x000000070c000000| PB 0x000000070c000000| Untracked |  0
|    2|0x000000070c200000, 0x000000070c3d3a38, 0x000000070c400000| 91%| O|  |TAMS 0x000000070c200000| PB 0x000000070c200000| Untracked |  0
|    3|0x000000070c400000, 0x000000070c400000, 0x000000070c600000|  0%| F|  |TAMS 0x000000070c400000| PB 0x000000070c400000| Untracked |  0
|    4|0x000000070c600000, 0x000000070c600000, 0x000000070c800000|  0%| F|  |TAMS 0x000000070c600000| PB 0x000000070c600000| Untracked |  0
|    5|0x000000070c800000, 0x000000070c800000, 0x000000070ca00000|  0%| F|  |TAMS 0x000000070c800000| PB 0x000000070c800000| Untracked |  0
|    6|0x000000070ca00000, 0x000000070ca00000, 0x000000070cc00000|  0%| F|  |TAMS 0x000000070ca00000| PB 0x000000070ca00000| Untracked |  0
|    7|0x000000070cc00000, 0x000000070cc00000, 0x000000070ce00000|  0%| F|  |TAMS 0x000000070cc00000| PB 0x000000070cc00000| Untracked |  0
|    8|0x000000070ce00000, 0x000000070ce00000, 0x000000070d000000|  0%| F|  |TAMS 0x000000070ce00000| PB 0x000000070ce00000| Untracked |  0
|    9|0x000000070d000000, 0x000000070d000000, 0x000000070d200000|  0%| F|  |TAMS 0x000000070d000000| PB 0x000000070d000000| Untracked |  0
|   10|0x000000070d200000, 0x000000070d200000, 0x000000070d400000|  0%| F|  |TAMS 0x000000070d200000| PB 0x000000070d200000| Untracked |  0
|   11|0x000000070d400000, 0x000000070d400000, 0x000000070d600000|  0%| F|  |TAMS 0x000000070d400000| PB 0x000000070d400000| Untracked |  0
|   12|0x000000070d600000, 0x000000070d600000, 0x000000070d800000|  0%| F|  |TAMS 0x000000070d600000| PB 0x000000070d600000| Untracked |  0
|   13|0x000000070d800000, 0x000000070d800000, 0x000000070da00000|  0%| F|  |TAMS 0x000000070d800000| PB 0x000000070d800000| Untracked |  0
|   14|0x000000070da00000, 0x000000070da00000, 0x000000070dc00000|  0%| F|  |TAMS 0x000000070da00000| PB 0x000000070da00000| Untracked |  0
|   15|0x000000070dc00000, 0x000000070dc00000, 0x000000070de00000|  0%| F|  |TAMS 0x000000070dc00000| PB 0x000000070dc00000| Untracked |  0
|   16|0x000000070de00000, 0x000000070de00000, 0x000000070e000000|  0%| F|  |TAMS 0x000000070de00000| PB 0x000000070de00000| Untracked |  0
|   17|0x000000070e000000, 0x000000070e000000, 0x000000070e200000|  0%| F|  |TAMS 0x000000070e000000| PB 0x000000070e000000| Untracked |  0
|   18|0x000000070e200000, 0x000000070e200000, 0x000000070e400000|  0%| F|  |TAMS 0x000000070e200000| PB 0x000000070e200000| Untracked |  0
|   19|0x000000070e400000, 0x000000070e400000, 0x000000070e600000|  0%| F|  |TAMS 0x000000070e400000| PB 0x000000070e400000| Untracked |  0
|   20|0x000000070e600000, 0x000000070e600000, 0x000000070e800000|  0%| F|  |TAMS 0x000000070e600000| PB 0x000000070e600000| Untracked |  0
|   21|0x000000070e800000, 0x000000070e800000, 0x000000070ea00000|  0%| F|  |TAMS 0x000000070e800000| PB 0x000000070e800000| Untracked |  0
|   22|0x000000070ea00000, 0x000000070ea00000, 0x000000070ec00000|  0%| F|  |TAMS 0x000000070ea00000| PB 0x000000070ea00000| Untracked |  0
|   23|0x000000070ec00000, 0x000000070ec00000, 0x000000070ee00000|  0%| F|  |TAMS 0x000000070ec00000| PB 0x000000070ec00000| Untracked |  0
|   24|0x000000070ee00000, 0x000000070ee00000, 0x000000070f000000|  0%| F|  |TAMS 0x000000070ee00000| PB 0x000000070ee00000| Untracked |  0
|   25|0x000000070f000000, 0x000000070f000000, 0x000000070f200000|  0%| F|  |TAMS 0x000000070f000000| PB 0x000000070f000000| Untracked |  0
|   26|0x000000070f200000, 0x000000070f200000, 0x000000070f400000|  0%| F|  |TAMS 0x000000070f200000| PB 0x000000070f200000| Untracked |  0
|   27|0x000000070f400000, 0x000000070f400000, 0x000000070f600000|  0%| F|  |TAMS 0x000000070f400000| PB 0x000000070f400000| Untracked |  0
|   28|0x000000070f600000, 0x000000070f600000, 0x000000070f800000|  0%| F|  |TAMS 0x000000070f600000| PB 0x000000070f600000| Untracked |  0
|   29|0x000000070f800000, 0x000000070f800000, 0x000000070fa00000|  0%| F|  |TAMS 0x000000070f800000| PB 0x000000070f800000| Untracked |  0
|   30|0x000000070fa00000, 0x000000070fa00000, 0x000000070fc00000|  0%| F|  |TAMS 0x000000070fa00000| PB 0x000000070fa00000| Untracked |  0
|   31|0x000000070fc00000, 0x000000070fc00000, 0x000000070fe00000|  0%| F|  |TAMS 0x000000070fc00000| PB 0x000000070fc00000| Untracked |  0
|   32|0x000000070fe00000, 0x000000070fe00000, 0x0000000710000000|  0%| F|  |TAMS 0x000000070fe00000| PB 0x000000070fe00000| Untracked |  0
|   33|0x0000000710000000, 0x0000000710000000, 0x0000000710200000|  0%| F|  |TAMS 0x0000000710000000| PB 0x0000000710000000| Untracked |  0
|   34|0x0000000710200000, 0x0000000710200000, 0x0000000710400000|  0%| F|  |TAMS 0x0000000710200000| PB 0x0000000710200000| Untracked |  0
|   35|0x0000000710400000, 0x0000000710400000, 0x0000000710600000|  0%| F|  |TAMS 0x0000000710400000| PB 0x0000000710400000| Untracked |  0
|   36|0x0000000710600000, 0x0000000710600000, 0x0000000710800000|  0%| F|  |TAMS 0x0000000710600000| PB 0x0000000710600000| Untracked |  0
|   37|0x0000000710800000, 0x0000000710800000, 0x0000000710a00000|  0%| F|  |TAMS 0x0000000710800000| PB 0x0000000710800000| Untracked |  0
|   38|0x0000000710a00000, 0x0000000710a00000, 0x0000000710c00000|  0%| F|  |TAMS 0x0000000710a00000| PB 0x0000000710a00000| Untracked |  0
|   39|0x0000000710c00000, 0x0000000710c00000, 0x0000000710e00000|  0%| F|  |TAMS 0x0000000710c00000| PB 0x0000000710c00000| Untracked |  0
|   40|0x0000000710e00000, 0x0000000710e00000, 0x0000000711000000|  0%| F|  |TAMS 0x0000000710e00000| PB 0x0000000710e00000| Untracked |  0
|   41|0x0000000711000000, 0x0000000711000000, 0x0000000711200000|  0%| F|  |TAMS 0x0000000711000000| PB 0x0000000711000000| Untracked |  0
|   42|0x0000000711200000, 0x0000000711200000, 0x0000000711400000|  0%| F|  |TAMS 0x0000000711200000| PB 0x0000000711200000| Untracked |  0
|   43|0x0000000711400000, 0x0000000711400000, 0x0000000711600000|  0%| F|  |TAMS 0x0000000711400000| PB 0x0000000711400000| Untracked |  0
|   44|0x0000000711600000, 0x0000000711600000, 0x0000000711800000|  0%| F|  |TAMS 0x0000000711600000| PB 0x0000000711600000| Untracked |  0
|   45|0x0000000711800000, 0x0000000711800000, 0x0000000711a00000|  0%| F|  |TAMS 0x0000000711800000| PB 0x0000000711800000| Untracked |  0
|   46|0x0000000711a00000, 0x0000000711a00000, 0x0000000711c00000|  0%| F|  |TAMS 0x0000000711a00000| PB 0x0000000711a00000| Untracked |  0
|   47|0x0000000711c00000, 0x0000000711c00000, 0x0000000711e00000|  0%| F|  |TAMS 0x0000000711c00000| PB 0x0000000711c00000| Untracked |  0
|   48|0x0000000711e00000, 0x0000000711e00000, 0x0000000712000000|  0%| F|  |TAMS 0x0000000711e00000| PB 0x0000000711e00000| Untracked |  0
|   49|0x0000000712000000, 0x0000000712000000, 0x0000000712200000|  0%| F|  |TAMS 0x0000000712000000| PB 0x0000000712000000| Untracked |  0
|   50|0x0000000712200000, 0x0000000712200000, 0x0000000712400000|  0%| F|  |TAMS 0x0000000712200000| PB 0x0000000712200000| Untracked |  0
|   51|0x0000000712400000, 0x0000000712400000, 0x0000000712600000|  0%| F|  |TAMS 0x0000000712400000| PB 0x0000000712400000| Untracked |  0
|   52|0x0000000712600000, 0x0000000712600000, 0x0000000712800000|  0%| F|  |TAMS 0x0000000712600000| PB 0x0000000712600000| Untracked |  0
|   53|0x0000000712800000, 0x0000000712800000, 0x0000000712a00000|  0%| F|  |TAMS 0x0000000712800000| PB 0x0000000712800000| Untracked |  0
|   54|0x0000000712a00000, 0x0000000712a00000, 0x0000000712c00000|  0%| F|  |TAMS 0x0000000712a00000| PB 0x0000000712a00000| Untracked |  0
|   55|0x0000000712c00000, 0x0000000712c00000, 0x0000000712e00000|  0%| F|  |TAMS 0x0000000712c00000| PB 0x0000000712c00000| Untracked |  0
|   56|0x0000000712e00000, 0x0000000712e00000, 0x0000000713000000|  0%| F|  |TAMS 0x0000000712e00000| PB 0x0000000712e00000| Untracked |  0
|   57|0x0000000713000000, 0x0000000713000000, 0x0000000713200000|  0%| F|  |TAMS 0x0000000713000000| PB 0x0000000713000000| Untracked |  0
|   58|0x0000000713200000, 0x0000000713200000, 0x0000000713400000|  0%| F|  |TAMS 0x0000000713200000| PB 0x0000000713200000| Untracked |  0
|   59|0x0000000713400000, 0x0000000713400000, 0x0000000713600000|  0%| F|  |TAMS 0x0000000713400000| PB 0x0000000713400000| Untracked |  0
|   60|0x0000000713600000, 0x0000000713600000, 0x0000000713800000|  0%| F|  |TAMS 0x0000000713600000| PB 0x0000000713600000| Untracked |  0
|   61|0x0000000713800000, 0x0000000713800000, 0x0000000713a00000|  0%| F|  |TAMS 0x0000000713800000| PB 0x0000000713800000| Untracked |  0
|   62|0x0000000713a00000, 0x0000000713a00000, 0x0000000713c00000|  0%| F|  |TAMS 0x0000000713a00000| PB 0x0000000713a00000| Untracked |  0
|   63|0x0000000713c00000, 0x0000000713c00000, 0x0000000713e00000|  0%| F|  |TAMS 0x0000000713c00000| PB 0x0000000713c00000| Untracked |  0
|   64|0x0000000713e00000, 0x0000000713e00000, 0x0000000714000000|  0%| F|  |TAMS 0x0000000713e00000| PB 0x0000000713e00000| Untracked |  0
|   65|0x0000000714000000, 0x0000000714000000, 0x0000000714200000|  0%| F|  |TAMS 0x0000000714000000| PB 0x0000000714000000| Untracked |  0
|   66|0x0000000714200000, 0x0000000714200000, 0x0000000714400000|  0%| F|  |TAMS 0x0000000714200000| PB 0x0000000714200000| Untracked |  0
|   67|0x0000000714400000, 0x0000000714400000, 0x0000000714600000|  0%| F|  |TAMS 0x0000000714400000| PB 0x0000000714400000| Untracked |  0
|   68|0x0000000714600000, 0x0000000714600000, 0x0000000714800000|  0%| F|  |TAMS 0x0000000714600000| PB 0x0000000714600000| Untracked |  0
|   69|0x0000000714800000, 0x0000000714800000, 0x0000000714a00000|  0%| F|  |TAMS 0x0000000714800000| PB 0x0000000714800000| Untracked |  0
|   70|0x0000000714a00000, 0x0000000714a00000, 0x0000000714c00000|  0%| F|  |TAMS 0x0000000714a00000| PB 0x0000000714a00000| Untracked |  0
|   71|0x0000000714c00000, 0x0000000714c00000, 0x0000000714e00000|  0%| F|  |TAMS 0x0000000714c00000| PB 0x0000000714c00000| Untracked |  0
|   72|0x0000000714e00000, 0x0000000714e00000, 0x0000000715000000|  0%| F|  |TAMS 0x0000000714e00000| PB 0x0000000714e00000| Untracked |  0
|   73|0x0000000715000000, 0x0000000715000000, 0x0000000715200000|  0%| F|  |TAMS 0x0000000715000000| PB 0x0000000715000000| Untracked |  0
|   74|0x0000000715200000, 0x0000000715200000, 0x0000000715400000|  0%| F|  |TAMS 0x0000000715200000| PB 0x0000000715200000| Untracked |  0
|   75|0x0000000715400000, 0x0000000715400000, 0x0000000715600000|  0%| F|  |TAMS 0x0000000715400000| PB 0x0000000715400000| Untracked |  0
|   76|0x0000000715600000, 0x0000000715600000, 0x0000000715800000|  0%| F|  |TAMS 0x0000000715600000| PB 0x0000000715600000| Untracked |  0
|   77|0x0000000715800000, 0x0000000715800000, 0x0000000715a00000|  0%| F|  |TAMS 0x0000000715800000| PB 0x0000000715800000| Untracked |  0
|   78|0x0000000715a00000, 0x0000000715a00000, 0x0000000715c00000|  0%| F|  |TAMS 0x0000000715a00000| PB 0x0000000715a00000| Untracked |  0
|   79|0x0000000715c00000, 0x0000000715c00000, 0x0000000715e00000|  0%| F|  |TAMS 0x0000000715c00000| PB 0x0000000715c00000| Untracked |  0
|   80|0x0000000715e00000, 0x0000000715e00000, 0x0000000716000000|  0%| F|  |TAMS 0x0000000715e00000| PB 0x0000000715e00000| Untracked |  0
|   81|0x0000000716000000, 0x0000000716000000, 0x0000000716200000|  0%| F|  |TAMS 0x0000000716000000| PB 0x0000000716000000| Untracked |  0
|   82|0x0000000716200000, 0x0000000716200000, 0x0000000716400000|  0%| F|  |TAMS 0x0000000716200000| PB 0x0000000716200000| Untracked |  0
|   83|0x0000000716400000, 0x0000000716400000, 0x0000000716600000|  0%| F|  |TAMS 0x0000000716400000| PB 0x0000000716400000| Untracked |  0
|   84|0x0000000716600000, 0x0000000716600000, 0x0000000716800000|  0%| F|  |TAMS 0x0000000716600000| PB 0x0000000716600000| Untracked |  0
|   85|0x0000000716800000, 0x0000000716800000, 0x0000000716a00000|  0%| F|  |TAMS 0x0000000716800000| PB 0x0000000716800000| Untracked |  0
|   86|0x0000000716a00000, 0x0000000716a00000, 0x0000000716c00000|  0%| F|  |TAMS 0x0000000716a00000| PB 0x0000000716a00000| Untracked |  0
|   87|0x0000000716c00000, 0x0000000716c00000, 0x0000000716e00000|  0%| F|  |TAMS 0x0000000716c00000| PB 0x0000000716c00000| Untracked |  0
|   88|0x0000000716e00000, 0x0000000716e00000, 0x0000000717000000|  0%| F|  |TAMS 0x0000000716e00000| PB 0x0000000716e00000| Untracked |  0
|   89|0x0000000717000000, 0x0000000717000000, 0x0000000717200000|  0%| F|  |TAMS 0x0000000717000000| PB 0x0000000717000000| Untracked |  0
|   90|0x0000000717200000, 0x0000000717200000, 0x0000000717400000|  0%| F|  |TAMS 0x0000000717200000| PB 0x0000000717200000| Untracked |  0
|   91|0x0000000717400000, 0x0000000717400000, 0x0000000717600000|  0%| F|  |TAMS 0x0000000717400000| PB 0x0000000717400000| Untracked |  0
|   92|0x0000000717600000, 0x0000000717600000, 0x0000000717800000|  0%| F|  |TAMS 0x0000000717600000| PB 0x0000000717600000| Untracked |  0
|   93|0x0000000717800000, 0x0000000717800000, 0x0000000717a00000|  0%| F|  |TAMS 0x0000000717800000| PB 0x0000000717800000| Untracked |  0
|   94|0x0000000717a00000, 0x0000000717a00000, 0x0000000717c00000|  0%| F|  |TAMS 0x0000000717a00000| PB 0x0000000717a00000| Untracked |  0
|   95|0x0000000717c00000, 0x0000000717c00000, 0x0000000717e00000|  0%| F|  |TAMS 0x0000000717c00000| PB 0x0000000717c00000| Untracked |  0
|   96|0x0000000717e00000, 0x0000000717e00000, 0x0000000718000000|  0%| F|  |TAMS 0x0000000717e00000| PB 0x0000000717e00000| Untracked |  0
|   97|0x0000000718000000, 0x0000000718000000, 0x0000000718200000|  0%| F|  |TAMS 0x0000000718000000| PB 0x0000000718000000| Untracked |  0
|   98|0x0000000718200000, 0x0000000718200000, 0x0000000718400000|  0%| F|  |TAMS 0x0000000718200000| PB 0x0000000718200000| Untracked |  0
|   99|0x0000000718400000, 0x0000000718400000, 0x0000000718600000|  0%| F|  |TAMS 0x0000000718400000| PB 0x0000000718400000| Untracked |  0
|  100|0x0000000718600000, 0x0000000718600000, 0x0000000718800000|  0%| F|  |TAMS 0x0000000718600000| PB 0x0000000718600000| Untracked |  0
|  101|0x0000000718800000, 0x0000000718800000, 0x0000000718a00000|  0%| F|  |TAMS 0x0000000718800000| PB 0x0000000718800000| Untracked |  0
|  102|0x0000000718a00000, 0x0000000718a00000, 0x0000000718c00000|  0%| F|  |TAMS 0x0000000718a00000| PB 0x0000000718a00000| Untracked |  0
|  103|0x0000000718c00000, 0x0000000718c00000, 0x0000000718e00000|  0%| F|  |TAMS 0x0000000718c00000| PB 0x0000000718c00000| Untracked |  0
|  104|0x0000000718e00000, 0x0000000718e00000, 0x0000000719000000|  0%| F|  |TAMS 0x0000000718e00000| PB 0x0000000718e00000| Untracked |  0
|  105|0x0000000719000000, 0x0000000719000000, 0x0000000719200000|  0%| F|  |TAMS 0x0000000719000000| PB 0x0000000719000000| Untracked |  0
|  106|0x0000000719200000, 0x0000000719200000, 0x0000000719400000|  0%| F|  |TAMS 0x0000000719200000| PB 0x0000000719200000| Untracked |  0
|  107|0x0000000719400000, 0x0000000719400000, 0x0000000719600000|  0%| F|  |TAMS 0x0000000719400000| PB 0x0000000719400000| Untracked |  0
|  108|0x0000000719600000, 0x0000000719600000, 0x0000000719800000|  0%| F|  |TAMS 0x0000000719600000| PB 0x0000000719600000| Untracked |  0
|  109|0x0000000719800000, 0x0000000719800000, 0x0000000719a00000|  0%| F|  |TAMS 0x0000000719800000| PB 0x0000000719800000| Untracked |  0
|  110|0x0000000719a00000, 0x0000000719a00000, 0x0000000719c00000|  0%| F|  |TAMS 0x0000000719a00000| PB 0x0000000719a00000| Untracked |  0
|  111|0x0000000719c00000, 0x0000000719c00000, 0x0000000719e00000|  0%| F|  |TAMS 0x0000000719c00000| PB 0x0000000719c00000| Untracked |  0
|  112|0x0000000719e00000, 0x0000000719e00000, 0x000000071a000000|  0%| F|  |TAMS 0x0000000719e00000| PB 0x0000000719e00000| Untracked |  0
|  113|0x000000071a000000, 0x000000071a000000, 0x000000071a200000|  0%| F|  |TAMS 0x000000071a000000| PB 0x000000071a000000| Untracked |  0
|  114|0x000000071a200000, 0x000000071a200000, 0x000000071a400000|  0%| F|  |TAMS 0x000000071a200000| PB 0x000000071a200000| Untracked |  0
|  115|0x000000071a400000, 0x000000071a400000, 0x000000071a600000|  0%| F|  |TAMS 0x000000071a400000| PB 0x000000071a400000| Untracked |  0
|  116|0x000000071a600000, 0x000000071a600000, 0x000000071a800000|  0%| F|  |TAMS 0x000000071a600000| PB 0x000000071a600000| Untracked |  0
|  117|0x000000071a800000, 0x000000071a800000, 0x000000071aa00000|  0%| F|  |TAMS 0x000000071a800000| PB 0x000000071a800000| Untracked |  0
|  118|0x000000071aa00000, 0x000000071aa00000, 0x000000071ac00000|  0%| F|  |TAMS 0x000000071aa00000| PB 0x000000071aa00000| Untracked |  0
|  119|0x000000071ac00000, 0x000000071ac00000, 0x000000071ae00000|  0%| F|  |TAMS 0x000000071ac00000| PB 0x000000071ac00000| Untracked |  0
|  120|0x000000071ae00000, 0x000000071ae00000, 0x000000071b000000|  0%| F|  |TAMS 0x000000071ae00000| PB 0x000000071ae00000| Untracked |  0
|  121|0x000000071b000000, 0x000000071b000000, 0x000000071b200000|  0%| F|  |TAMS 0x000000071b000000| PB 0x000000071b000000| Untracked |  0
|  122|0x000000071b200000, 0x000000071b200000, 0x000000071b400000|  0%| F|  |TAMS 0x000000071b200000| PB 0x000000071b200000| Untracked |  0
|  123|0x000000071b400000, 0x000000071b400000, 0x000000071b600000|  0%| F|  |TAMS 0x000000071b400000| PB 0x000000071b400000| Untracked |  0
|  124|0x000000071b600000, 0x000000071b600000, 0x000000071b800000|  0%| F|  |TAMS 0x000000071b600000| PB 0x000000071b600000| Untracked |  0
|  125|0x000000071b800000, 0x000000071b800000, 0x000000071ba00000|  0%| F|  |TAMS 0x000000071b800000| PB 0x000000071b800000| Untracked |  0
|  126|0x000000071ba00000, 0x000000071ba00000, 0x000000071bc00000|  0%| F|  |TAMS 0x000000071ba00000| PB 0x000000071ba00000| Untracked |  0
|  127|0x000000071bc00000, 0x000000071bc00000, 0x000000071be00000|  0%| F|  |TAMS 0x000000071bc00000| PB 0x000000071bc00000| Untracked |  0
|  128|0x000000071be00000, 0x000000071be00000, 0x000000071c000000|  0%| F|  |TAMS 0x000000071be00000| PB 0x000000071be00000| Untracked |  0
|  129|0x000000071c000000, 0x000000071c000000, 0x000000071c200000|  0%| F|  |TAMS 0x000000071c000000| PB 0x000000071c000000| Untracked |  0
|  130|0x000000071c200000, 0x000000071c200000, 0x000000071c400000|  0%| F|  |TAMS 0x000000071c200000| PB 0x000000071c200000| Untracked |  0
|  131|0x000000071c400000, 0x000000071c400000, 0x000000071c600000|  0%| F|  |TAMS 0x000000071c400000| PB 0x000000071c400000| Untracked |  0
|  132|0x000000071c600000, 0x000000071c600000, 0x000000071c800000|  0%| F|  |TAMS 0x000000071c600000| PB 0x000000071c600000| Untracked |  0
|  133|0x000000071c800000, 0x000000071c800000, 0x000000071ca00000|  0%| F|  |TAMS 0x000000071c800000| PB 0x000000071c800000| Untracked |  0
|  134|0x000000071ca00000, 0x000000071ca00000, 0x000000071cc00000|  0%| F|  |TAMS 0x000000071ca00000| PB 0x000000071ca00000| Untracked |  0
|  135|0x000000071cc00000, 0x000000071cc00000, 0x000000071ce00000|  0%| F|  |TAMS 0x000000071cc00000| PB 0x000000071cc00000| Untracked |  0
|  136|0x000000071ce00000, 0x000000071ce00000, 0x000000071d000000|  0%| F|  |TAMS 0x000000071ce00000| PB 0x000000071ce00000| Untracked |  0
|  137|0x000000071d000000, 0x000000071d000000, 0x000000071d200000|  0%| F|  |TAMS 0x000000071d000000| PB 0x000000071d000000| Untracked |  0
|  138|0x000000071d200000, 0x000000071d200000, 0x000000071d400000|  0%| F|  |TAMS 0x000000071d200000| PB 0x000000071d200000| Untracked |  0
|  139|0x000000071d400000, 0x000000071d400000, 0x000000071d600000|  0%| F|  |TAMS 0x000000071d400000| PB 0x000000071d400000| Untracked |  0
|  140|0x000000071d600000, 0x000000071d600000, 0x000000071d800000|  0%| F|  |TAMS 0x000000071d600000| PB 0x000000071d600000| Untracked |  0
|  141|0x000000071d800000, 0x000000071d800000, 0x000000071da00000|  0%| F|  |TAMS 0x000000071d800000| PB 0x000000071d800000| Untracked |  0
|  142|0x000000071da00000, 0x000000071da00000, 0x000000071dc00000|  0%| F|  |TAMS 0x000000071da00000| PB 0x000000071da00000| Untracked |  0
|  143|0x000000071dc00000, 0x000000071dc00000, 0x000000071de00000|  0%| F|  |TAMS 0x000000071dc00000| PB 0x000000071dc00000| Untracked |  0
|  144|0x000000071de00000, 0x000000071de00000, 0x000000071e000000|  0%| F|  |TAMS 0x000000071de00000| PB 0x000000071de00000| Untracked |  0
|  145|0x000000071e000000, 0x000000071e000000, 0x000000071e200000|  0%| F|  |TAMS 0x000000071e000000| PB 0x000000071e000000| Untracked |  0
|  146|0x000000071e200000, 0x000000071e200000, 0x000000071e400000|  0%| F|  |TAMS 0x000000071e200000| PB 0x000000071e200000| Untracked |  0
|  147|0x000000071e400000, 0x000000071e400000, 0x000000071e600000|  0%| F|  |TAMS 0x000000071e400000| PB 0x000000071e400000| Untracked |  0
|  148|0x000000071e600000, 0x000000071e600000, 0x000000071e800000|  0%| F|  |TAMS 0x000000071e600000| PB 0x000000071e600000| Untracked |  0
|  149|0x000000071e800000, 0x000000071e800000, 0x000000071ea00000|  0%| F|  |TAMS 0x000000071e800000| PB 0x000000071e800000| Untracked |  0
|  150|0x000000071ea00000, 0x000000071ea00000, 0x000000071ec00000|  0%| F|  |TAMS 0x000000071ea00000| PB 0x000000071ea00000| Untracked |  0
|  151|0x000000071ec00000, 0x000000071ec00000, 0x000000071ee00000|  0%| F|  |TAMS 0x000000071ec00000| PB 0x000000071ec00000| Untracked |  0
|  152|0x000000071ee00000, 0x000000071ee00000, 0x000000071f000000|  0%| F|  |TAMS 0x000000071ee00000| PB 0x000000071ee00000| Untracked |  0
|  153|0x000000071f000000, 0x000000071f000000, 0x000000071f200000|  0%| F|  |TAMS 0x000000071f000000| PB 0x000000071f000000| Untracked |  0
|  154|0x000000071f200000, 0x000000071f200000, 0x000000071f400000|  0%| F|  |TAMS 0x000000071f200000| PB 0x000000071f200000| Untracked |  0
|  155|0x000000071f400000, 0x000000071f400000, 0x000000071f600000|  0%| F|  |TAMS 0x000000071f400000| PB 0x000000071f400000| Untracked |  0
|  156|0x000000071f600000, 0x000000071f600000, 0x000000071f800000|  0%| F|  |TAMS 0x000000071f600000| PB 0x000000071f600000| Untracked |  0
|  157|0x000000071f800000, 0x000000071f800000, 0x000000071fa00000|  0%| F|  |TAMS 0x000000071f800000| PB 0x000000071f800000| Untracked |  0
|  158|0x000000071fa00000, 0x000000071fa00000, 0x000000071fc00000|  0%| F|  |TAMS 0x000000071fa00000| PB 0x000000071fa00000| Untracked |  0
|  159|0x000000071fc00000, 0x000000071fc00000, 0x000000071fe00000|  0%| F|  |TAMS 0x000000071fc00000| PB 0x000000071fc00000| Untracked |  0
|  160|0x000000071fe00000, 0x000000071fe00000, 0x0000000720000000|  0%| F|  |TAMS 0x000000071fe00000| PB 0x000000071fe00000| Untracked |  0
|  161|0x0000000720000000, 0x0000000720000000, 0x0000000720200000|  0%| F|  |TAMS 0x0000000720000000| PB 0x0000000720000000| Untracked |  0
|  162|0x0000000720200000, 0x0000000720200000, 0x0000000720400000|  0%| F|  |TAMS 0x0000000720200000| PB 0x0000000720200000| Untracked |  0
|  163|0x0000000720400000, 0x0000000720400000, 0x0000000720600000|  0%| F|  |TAMS 0x0000000720400000| PB 0x0000000720400000| Untracked |  0
|  164|0x0000000720600000, 0x0000000720600000, 0x0000000720800000|  0%| F|  |TAMS 0x0000000720600000| PB 0x0000000720600000| Untracked |  0
|  165|0x0000000720800000, 0x0000000720800000, 0x0000000720a00000|  0%| F|  |TAMS 0x0000000720800000| PB 0x0000000720800000| Untracked |  0
|  166|0x0000000720a00000, 0x0000000720a00000, 0x0000000720c00000|  0%| F|  |TAMS 0x0000000720a00000| PB 0x0000000720a00000| Untracked |  0
|  167|0x0000000720c00000, 0x0000000720c00000, 0x0000000720e00000|  0%| F|  |TAMS 0x0000000720c00000| PB 0x0000000720c00000| Untracked |  0
|  168|0x0000000720e00000, 0x0000000720e00000, 0x0000000721000000|  0%| F|  |TAMS 0x0000000720e00000| PB 0x0000000720e00000| Untracked |  0
|  169|0x0000000721000000, 0x0000000721000000, 0x0000000721200000|  0%| F|  |TAMS 0x0000000721000000| PB 0x0000000721000000| Untracked |  0
|  170|0x0000000721200000, 0x0000000721200000, 0x0000000721400000|  0%| F|  |TAMS 0x0000000721200000| PB 0x0000000721200000| Untracked |  0
|  171|0x0000000721400000, 0x0000000721400000, 0x0000000721600000|  0%| F|  |TAMS 0x0000000721400000| PB 0x0000000721400000| Untracked |  0
|  172|0x0000000721600000, 0x0000000721600000, 0x0000000721800000|  0%| F|  |TAMS 0x0000000721600000| PB 0x0000000721600000| Untracked |  0
|  173|0x0000000721800000, 0x0000000721800000, 0x0000000721a00000|  0%| F|  |TAMS 0x0000000721800000| PB 0x0000000721800000| Untracked |  0
|  174|0x0000000721a00000, 0x0000000721a00000, 0x0000000721c00000|  0%| F|  |TAMS 0x0000000721a00000| PB 0x0000000721a00000| Untracked |  0
|  175|0x0000000721c00000, 0x0000000721c00000, 0x0000000721e00000|  0%| F|  |TAMS 0x0000000721c00000| PB 0x0000000721c00000| Untracked |  0
|  176|0x0000000721e00000, 0x0000000721e00000, 0x0000000722000000|  0%| F|  |TAMS 0x0000000721e00000| PB 0x0000000721e00000| Untracked |  0
|  177|0x0000000722000000, 0x0000000722000000, 0x0000000722200000|  0%| F|  |TAMS 0x0000000722000000| PB 0x0000000722000000| Untracked |  0
|  178|0x0000000722200000, 0x0000000722200000, 0x0000000722400000|  0%| F|  |TAMS 0x0000000722200000| PB 0x0000000722200000| Untracked |  0
|  179|0x0000000722400000, 0x0000000722400000, 0x0000000722600000|  0%| F|  |TAMS 0x0000000722400000| PB 0x0000000722400000| Untracked |  0
|  180|0x0000000722600000, 0x0000000722600000, 0x0000000722800000|  0%| F|  |TAMS 0x0000000722600000| PB 0x0000000722600000| Untracked |  0
|  181|0x0000000722800000, 0x0000000722800000, 0x0000000722a00000|  0%| F|  |TAMS 0x0000000722800000| PB 0x0000000722800000| Untracked |  0
|  182|0x0000000722a00000, 0x0000000722a00000, 0x0000000722c00000|  0%| F|  |TAMS 0x0000000722a00000| PB 0x0000000722a00000| Untracked |  0
|  183|0x0000000722c00000, 0x0000000722c00000, 0x0000000722e00000|  0%| F|  |TAMS 0x0000000722c00000| PB 0x0000000722c00000| Untracked |  0
|  184|0x0000000722e00000, 0x0000000722e00000, 0x0000000723000000|  0%| F|  |TAMS 0x0000000722e00000| PB 0x0000000722e00000| Untracked |  0
|  185|0x0000000723000000, 0x0000000723000000, 0x0000000723200000|  0%| F|  |TAMS 0x0000000723000000| PB 0x0000000723000000| Untracked |  0
|  186|0x0000000723200000, 0x0000000723200000, 0x0000000723400000|  0%| F|  |TAMS 0x0000000723200000| PB 0x0000000723200000| Untracked |  0
|  187|0x0000000723400000, 0x0000000723400000, 0x0000000723600000|  0%| F|  |TAMS 0x0000000723400000| PB 0x0000000723400000| Untracked |  0
|  188|0x0000000723600000, 0x0000000723600000, 0x0000000723800000|  0%| F|  |TAMS 0x0000000723600000| PB 0x0000000723600000| Untracked |  0
|  189|0x0000000723800000, 0x0000000723800000, 0x0000000723a00000|  0%| F|  |TAMS 0x0000000723800000| PB 0x0000000723800000| Untracked |  0
|  190|0x0000000723a00000, 0x0000000723a00000, 0x0000000723c00000|  0%| F|  |TAMS 0x0000000723a00000| PB 0x0000000723a00000| Untracked |  0
|  191|0x0000000723c00000, 0x0000000723c00000, 0x0000000723e00000|  0%| F|  |TAMS 0x0000000723c00000| PB 0x0000000723c00000| Untracked |  0
|  192|0x0000000723e00000, 0x0000000723e00000, 0x0000000724000000|  0%| F|  |TAMS 0x0000000723e00000| PB 0x0000000723e00000| Untracked |  0
|  193|0x0000000724000000, 0x0000000724000000, 0x0000000724200000|  0%| F|  |TAMS 0x0000000724000000| PB 0x0000000724000000| Untracked |  0
|  194|0x0000000724200000, 0x0000000724200000, 0x0000000724400000|  0%| F|  |TAMS 0x0000000724200000| PB 0x0000000724200000| Untracked |  0
|  195|0x0000000724400000, 0x0000000724400000, 0x0000000724600000|  0%| F|  |TAMS 0x0000000724400000| PB 0x0000000724400000| Untracked |  0
|  196|0x0000000724600000, 0x0000000724600000, 0x0000000724800000|  0%| F|  |TAMS 0x0000000724600000| PB 0x0000000724600000| Untracked |  0
|  197|0x0000000724800000, 0x0000000724800000, 0x0000000724a00000|  0%| F|  |TAMS 0x0000000724800000| PB 0x0000000724800000| Untracked |  0
|  198|0x0000000724a00000, 0x0000000724a00000, 0x0000000724c00000|  0%| F|  |TAMS 0x0000000724a00000| PB 0x0000000724a00000| Untracked |  0
|  199|0x0000000724c00000, 0x0000000724c00000, 0x0000000724e00000|  0%| F|  |TAMS 0x0000000724c00000| PB 0x0000000724c00000| Untracked |  0
|  200|0x0000000724e00000, 0x0000000724e00000, 0x0000000725000000|  0%| F|  |TAMS 0x0000000724e00000| PB 0x0000000724e00000| Untracked |  0
|  201|0x0000000725000000, 0x0000000725000000, 0x0000000725200000|  0%| F|  |TAMS 0x0000000725000000| PB 0x0000000725000000| Untracked |  0
|  202|0x0000000725200000, 0x0000000725200000, 0x0000000725400000|  0%| F|  |TAMS 0x0000000725200000| PB 0x0000000725200000| Untracked |  0
|  203|0x0000000725400000, 0x0000000725400000, 0x0000000725600000|  0%| F|  |TAMS 0x0000000725400000| PB 0x0000000725400000| Untracked |  0
|  204|0x0000000725600000, 0x0000000725600000, 0x0000000725800000|  0%| F|  |TAMS 0x0000000725600000| PB 0x0000000725600000| Untracked |  0
|  205|0x0000000725800000, 0x0000000725800000, 0x0000000725a00000|  0%| F|  |TAMS 0x0000000725800000| PB 0x0000000725800000| Untracked |  0
|  206|0x0000000725a00000, 0x0000000725a00000, 0x0000000725c00000|  0%| F|  |TAMS 0x0000000725a00000| PB 0x0000000725a00000| Untracked |  0
|  207|0x0000000725c00000, 0x0000000725c00000, 0x0000000725e00000|  0%| F|  |TAMS 0x0000000725c00000| PB 0x0000000725c00000| Untracked |  0
|  208|0x0000000725e00000, 0x0000000725e00000, 0x0000000726000000|  0%| F|  |TAMS 0x0000000725e00000| PB 0x0000000725e00000| Untracked |  0
|  209|0x0000000726000000, 0x0000000726000000, 0x0000000726200000|  0%| F|  |TAMS 0x0000000726000000| PB 0x0000000726000000| Untracked |  0
|  210|0x0000000726200000, 0x0000000726200000, 0x0000000726400000|  0%| F|  |TAMS 0x0000000726200000| PB 0x0000000726200000| Untracked |  0
|  211|0x0000000726400000, 0x0000000726400000, 0x0000000726600000|  0%| F|  |TAMS 0x0000000726400000| PB 0x0000000726400000| Untracked |  0
|  212|0x0000000726600000, 0x0000000726600000, 0x0000000726800000|  0%| F|  |TAMS 0x0000000726600000| PB 0x0000000726600000| Untracked |  0
|  213|0x0000000726800000, 0x0000000726800000, 0x0000000726a00000|  0%| F|  |TAMS 0x0000000726800000| PB 0x0000000726800000| Untracked |  0
|  214|0x0000000726a00000, 0x0000000726a00000, 0x0000000726c00000|  0%| F|  |TAMS 0x0000000726a00000| PB 0x0000000726a00000| Untracked |  0
|  215|0x0000000726c00000, 0x0000000726c00000, 0x0000000726e00000|  0%| F|  |TAMS 0x0000000726c00000| PB 0x0000000726c00000| Untracked |  0
|  216|0x0000000726e00000, 0x0000000726e00000, 0x0000000727000000|  0%| F|  |TAMS 0x0000000726e00000| PB 0x0000000726e00000| Untracked |  0
|  217|0x0000000727000000, 0x0000000727000000, 0x0000000727200000|  0%| F|  |TAMS 0x0000000727000000| PB 0x0000000727000000| Untracked |  0
|  218|0x0000000727200000, 0x0000000727200000, 0x0000000727400000|  0%| F|  |TAMS 0x0000000727200000| PB 0x0000000727200000| Untracked |  0
|  219|0x0000000727400000, 0x0000000727400000, 0x0000000727600000|  0%| F|  |TAMS 0x0000000727400000| PB 0x0000000727400000| Untracked |  0
|  220|0x0000000727600000, 0x0000000727600000, 0x0000000727800000|  0%| F|  |TAMS 0x0000000727600000| PB 0x0000000727600000| Untracked |  0
|  221|0x0000000727800000, 0x0000000727800000, 0x0000000727a00000|  0%| F|  |TAMS 0x0000000727800000| PB 0x0000000727800000| Untracked |  0
|  222|0x0000000727a00000, 0x0000000727a00000, 0x0000000727c00000|  0%| F|  |TAMS 0x0000000727a00000| PB 0x0000000727a00000| Untracked |  0
|  223|0x0000000727c00000, 0x0000000727c00000, 0x0000000727e00000|  0%| F|  |TAMS 0x0000000727c00000| PB 0x0000000727c00000| Untracked |  0
|  224|0x0000000727e00000, 0x0000000727e00000, 0x0000000728000000|  0%| F|  |TAMS 0x0000000727e00000| PB 0x0000000727e00000| Untracked |  0
|  225|0x0000000728000000, 0x0000000728000000, 0x0000000728200000|  0%| F|  |TAMS 0x0000000728000000| PB 0x0000000728000000| Untracked |  0
|  226|0x0000000728200000, 0x0000000728200000, 0x0000000728400000|  0%| F|  |TAMS 0x0000000728200000| PB 0x0000000728200000| Untracked |  0
|  227|0x0000000728400000, 0x0000000728400000, 0x0000000728600000|  0%| F|  |TAMS 0x0000000728400000| PB 0x0000000728400000| Untracked |  0
|  228|0x0000000728600000, 0x0000000728600000, 0x0000000728800000|  0%| F|  |TAMS 0x0000000728600000| PB 0x0000000728600000| Untracked |  0
|  229|0x0000000728800000, 0x0000000728800000, 0x0000000728a00000|  0%| F|  |TAMS 0x0000000728800000| PB 0x0000000728800000| Untracked |  0
|  230|0x0000000728a00000, 0x0000000728a00000, 0x0000000728c00000|  0%| F|  |TAMS 0x0000000728a00000| PB 0x0000000728a00000| Untracked |  0
|  231|0x0000000728c00000, 0x0000000728c00000, 0x0000000728e00000|  0%| F|  |TAMS 0x0000000728c00000| PB 0x0000000728c00000| Untracked |  0
|  232|0x0000000728e00000, 0x0000000728e00000, 0x0000000729000000|  0%| F|  |TAMS 0x0000000728e00000| PB 0x0000000728e00000| Untracked |  0
|  233|0x0000000729000000, 0x0000000729000000, 0x0000000729200000|  0%| F|  |TAMS 0x0000000729000000| PB 0x0000000729000000| Untracked |  0
|  234|0x0000000729200000, 0x0000000729200000, 0x0000000729400000|  0%| F|  |TAMS 0x0000000729200000| PB 0x0000000729200000| Untracked |  0
|  235|0x0000000729400000, 0x0000000729400000, 0x0000000729600000|  0%| F|  |TAMS 0x0000000729400000| PB 0x0000000729400000| Untracked |  0
|  236|0x0000000729600000, 0x0000000729600000, 0x0000000729800000|  0%| F|  |TAMS 0x0000000729600000| PB 0x0000000729600000| Untracked |  0
|  237|0x0000000729800000, 0x0000000729800000, 0x0000000729a00000|  0%| F|  |TAMS 0x0000000729800000| PB 0x0000000729800000| Untracked |  0
|  238|0x0000000729a00000, 0x0000000729a00000, 0x0000000729c00000|  0%| F|  |TAMS 0x0000000729a00000| PB 0x0000000729a00000| Untracked |  0
|  239|0x0000000729c00000, 0x0000000729c00000, 0x0000000729e00000|  0%| F|  |TAMS 0x0000000729c00000| PB 0x0000000729c00000| Untracked |  0
|  240|0x0000000729e00000, 0x0000000729e00000, 0x000000072a000000|  0%| F|  |TAMS 0x0000000729e00000| PB 0x0000000729e00000| Untracked |  0
|  241|0x000000072a000000, 0x000000072a000000, 0x000000072a200000|  0%| F|  |TAMS 0x000000072a000000| PB 0x000000072a000000| Untracked |  0
|  242|0x000000072a200000, 0x000000072a200000, 0x000000072a400000|  0%| F|  |TAMS 0x000000072a200000| PB 0x000000072a200000| Untracked |  0
|  243|0x000000072a400000, 0x000000072a400000, 0x000000072a600000|  0%| F|  |TAMS 0x000000072a400000| PB 0x000000072a400000| Untracked |  0
|  244|0x000000072a600000, 0x000000072a600000, 0x000000072a800000|  0%| F|  |TAMS 0x000000072a600000| PB 0x000000072a600000| Untracked |  0
|  245|0x000000072a800000, 0x000000072a800000, 0x000000072aa00000|  0%| F|  |TAMS 0x000000072a800000| PB 0x000000072a800000| Untracked |  0
|  246|0x000000072aa00000, 0x000000072aa00000, 0x000000072ac00000|  0%| F|  |TAMS 0x000000072aa00000| PB 0x000000072aa00000| Untracked |  0
|  247|0x000000072ac00000, 0x000000072ac00000, 0x000000072ae00000|  0%| F|  |TAMS 0x000000072ac00000| PB 0x000000072ac00000| Untracked |  0
|  248|0x000000072ae00000, 0x000000072ae00000, 0x000000072b000000|  0%| F|  |TAMS 0x000000072ae00000| PB 0x000000072ae00000| Untracked |  0
|  249|0x000000072b000000, 0x000000072b000000, 0x000000072b200000|  0%| F|  |TAMS 0x000000072b000000| PB 0x000000072b000000| Untracked |  0
|  250|0x000000072b200000, 0x000000072b200000, 0x000000072b400000|  0%| F|  |TAMS 0x000000072b200000| PB 0x000000072b200000| Untracked |  0
|  251|0x000000072b400000, 0x000000072b400000, 0x000000072b600000|  0%| F|  |TAMS 0x000000072b400000| PB 0x000000072b400000| Untracked |  0
|  252|0x000000072b600000, 0x000000072b600000, 0x000000072b800000|  0%| F|  |TAMS 0x000000072b600000| PB 0x000000072b600000| Untracked |  0
|  253|0x000000072b800000, 0x000000072b800000, 0x000000072ba00000|  0%| F|  |TAMS 0x000000072b800000| PB 0x000000072b800000| Untracked |  0
|  254|0x000000072ba00000, 0x000000072ba00000, 0x000000072bc00000|  0%| F|  |TAMS 0x000000072ba00000| PB 0x000000072ba00000| Untracked |  0
|  255|0x000000072bc00000, 0x000000072bc00000, 0x000000072be00000|  0%| F|  |TAMS 0x000000072bc00000| PB 0x000000072bc00000| Untracked |  0
|  256|0x000000072be00000, 0x000000072be00000, 0x000000072c000000|  0%| F|  |TAMS 0x000000072be00000| PB 0x000000072be00000| Untracked |  0
|  257|0x000000072c000000, 0x000000072c000000, 0x000000072c200000|  0%| F|  |TAMS 0x000000072c000000| PB 0x000000072c000000| Untracked |  0
|  258|0x000000072c200000, 0x000000072c200000, 0x000000072c400000|  0%| F|  |TAMS 0x000000072c200000| PB 0x000000072c200000| Untracked |  0
|  259|0x000000072c400000, 0x000000072c400000, 0x000000072c600000|  0%| F|  |TAMS 0x000000072c400000| PB 0x000000072c400000| Untracked |  0
|  260|0x000000072c600000, 0x000000072c600000, 0x000000072c800000|  0%| F|  |TAMS 0x000000072c600000| PB 0x000000072c600000| Untracked |  0
|  261|0x000000072c800000, 0x000000072c800000, 0x000000072ca00000|  0%| F|  |TAMS 0x000000072c800000| PB 0x000000072c800000| Untracked |  0
|  262|0x000000072ca00000, 0x000000072ca00000, 0x000000072cc00000|  0%| F|  |TAMS 0x000000072ca00000| PB 0x000000072ca00000| Untracked |  0
|  263|0x000000072cc00000, 0x000000072cc00000, 0x000000072ce00000|  0%| F|  |TAMS 0x000000072cc00000| PB 0x000000072cc00000| Untracked |  0
|  264|0x000000072ce00000, 0x000000072ce00000, 0x000000072d000000|  0%| F|  |TAMS 0x000000072ce00000| PB 0x000000072ce00000| Untracked |  0
|  265|0x000000072d000000, 0x000000072d000000, 0x000000072d200000|  0%| F|  |TAMS 0x000000072d000000| PB 0x000000072d000000| Untracked |  0
|  266|0x000000072d200000, 0x000000072d200000, 0x000000072d400000|  0%| F|  |TAMS 0x000000072d200000| PB 0x000000072d200000| Untracked |  0
|  267|0x000000072d400000, 0x000000072d400000, 0x000000072d600000|  0%| F|  |TAMS 0x000000072d400000| PB 0x000000072d400000| Untracked |  0
|  268|0x000000072d600000, 0x000000072d600000, 0x000000072d800000|  0%| F|  |TAMS 0x000000072d600000| PB 0x000000072d600000| Untracked |  0
|  269|0x000000072d800000, 0x000000072d800000, 0x000000072da00000|  0%| F|  |TAMS 0x000000072d800000| PB 0x000000072d800000| Untracked |  0
|  270|0x000000072da00000, 0x000000072da00000, 0x000000072dc00000|  0%| F|  |TAMS 0x000000072da00000| PB 0x000000072da00000| Untracked |  0
|  271|0x000000072dc00000, 0x000000072dc00000, 0x000000072de00000|  0%| F|  |TAMS 0x000000072dc00000| PB 0x000000072dc00000| Untracked |  0
|  272|0x000000072de00000, 0x000000072de00000, 0x000000072e000000|  0%| F|  |TAMS 0x000000072de00000| PB 0x000000072de00000| Untracked |  0
|  273|0x000000072e000000, 0x000000072e000000, 0x000000072e200000|  0%| F|  |TAMS 0x000000072e000000| PB 0x000000072e000000| Untracked |  0
|  274|0x000000072e200000, 0x000000072e200000, 0x000000072e400000|  0%| F|  |TAMS 0x000000072e200000| PB 0x000000072e200000| Untracked |  0
|  275|0x000000072e400000, 0x000000072e400000, 0x000000072e600000|  0%| F|  |TAMS 0x000000072e400000| PB 0x000000072e400000| Untracked |  0
|  276|0x000000072e600000, 0x000000072e600000, 0x000000072e800000|  0%| F|  |TAMS 0x000000072e600000| PB 0x000000072e600000| Untracked |  0
|  277|0x000000072e800000, 0x000000072e800000, 0x000000072ea00000|  0%| F|  |TAMS 0x000000072e800000| PB 0x000000072e800000| Untracked |  0
|  278|0x000000072ea00000, 0x000000072ea00000, 0x000000072ec00000|  0%| F|  |TAMS 0x000000072ea00000| PB 0x000000072ea00000| Untracked |  0
|  279|0x000000072ec00000, 0x000000072ec00000, 0x000000072ee00000|  0%| F|  |TAMS 0x000000072ec00000| PB 0x000000072ec00000| Untracked |  0
|  280|0x000000072ee00000, 0x000000072ee00000, 0x000000072f000000|  0%| F|  |TAMS 0x000000072ee00000| PB 0x000000072ee00000| Untracked |  0
|  281|0x000000072f000000, 0x000000072f000000, 0x000000072f200000|  0%| F|  |TAMS 0x000000072f000000| PB 0x000000072f000000| Untracked |  0
|  282|0x000000072f200000, 0x000000072f200000, 0x000000072f400000|  0%| F|  |TAMS 0x000000072f200000| PB 0x000000072f200000| Untracked |  0
|  283|0x000000072f400000, 0x000000072f400000, 0x000000072f600000|  0%| F|  |TAMS 0x000000072f400000| PB 0x000000072f400000| Untracked |  0
|  284|0x000000072f600000, 0x000000072f600000, 0x000000072f800000|  0%| F|  |TAMS 0x000000072f600000| PB 0x000000072f600000| Untracked |  0
|  285|0x000000072f800000, 0x000000072f800000, 0x000000072fa00000|  0%| F|  |TAMS 0x000000072f800000| PB 0x000000072f800000| Untracked |  0
|  286|0x000000072fa00000, 0x000000072fa00000, 0x000000072fc00000|  0%| F|  |TAMS 0x000000072fa00000| PB 0x000000072fa00000| Untracked |  0
|  287|0x000000072fc00000, 0x000000072fc00000, 0x000000072fe00000|  0%| F|  |TAMS 0x000000072fc00000| PB 0x000000072fc00000| Untracked |  0
|  288|0x000000072fe00000, 0x000000072fe00000, 0x0000000730000000|  0%| F|  |TAMS 0x000000072fe00000| PB 0x000000072fe00000| Untracked |  0
|  289|0x0000000730000000, 0x0000000730000000, 0x0000000730200000|  0%| F|  |TAMS 0x0000000730000000| PB 0x0000000730000000| Untracked |  0
|  290|0x0000000730200000, 0x0000000730200000, 0x0000000730400000|  0%| F|  |TAMS 0x0000000730200000| PB 0x0000000730200000| Untracked |  0
|  291|0x0000000730400000, 0x0000000730400000, 0x0000000730600000|  0%| F|  |TAMS 0x0000000730400000| PB 0x0000000730400000| Untracked |  0
|  292|0x0000000730600000, 0x0000000730600000, 0x0000000730800000|  0%| F|  |TAMS 0x0000000730600000| PB 0x0000000730600000| Untracked |  0
|  293|0x0000000730800000, 0x0000000730800000, 0x0000000730a00000|  0%| F|  |TAMS 0x0000000730800000| PB 0x0000000730800000| Untracked |  0
|  294|0x0000000730a00000, 0x0000000730a00000, 0x0000000730c00000|  0%| F|  |TAMS 0x0000000730a00000| PB 0x0000000730a00000| Untracked |  0
|  295|0x0000000730c00000, 0x0000000730c00000, 0x0000000730e00000|  0%| F|  |TAMS 0x0000000730c00000| PB 0x0000000730c00000| Untracked |  0
|  296|0x0000000730e00000, 0x0000000730e00000, 0x0000000731000000|  0%| F|  |TAMS 0x0000000730e00000| PB 0x0000000730e00000| Untracked |  0
|  297|0x0000000731000000, 0x0000000731000000, 0x0000000731200000|  0%| F|  |TAMS 0x0000000731000000| PB 0x0000000731000000| Untracked |  0
|  298|0x0000000731200000, 0x0000000731200000, 0x0000000731400000|  0%| F|  |TAMS 0x0000000731200000| PB 0x0000000731200000| Untracked |  0
|  299|0x0000000731400000, 0x0000000731400000, 0x0000000731600000|  0%| F|  |TAMS 0x0000000731400000| PB 0x0000000731400000| Untracked |  0
|  300|0x0000000731600000, 0x0000000731600000, 0x0000000731800000|  0%| F|  |TAMS 0x0000000731600000| PB 0x0000000731600000| Untracked |  0
|  301|0x0000000731800000, 0x0000000731800000, 0x0000000731a00000|  0%| F|  |TAMS 0x0000000731800000| PB 0x0000000731800000| Untracked |  0
|  302|0x0000000731a00000, 0x0000000731a00000, 0x0000000731c00000|  0%| F|  |TAMS 0x0000000731a00000| PB 0x0000000731a00000| Untracked |  0
|  303|0x0000000731c00000, 0x0000000731c00000, 0x0000000731e00000|  0%| F|  |TAMS 0x0000000731c00000| PB 0x0000000731c00000| Untracked |  0
|  304|0x0000000731e00000, 0x0000000731e00000, 0x0000000732000000|  0%| F|  |TAMS 0x0000000731e00000| PB 0x0000000731e00000| Untracked |  0
|  305|0x0000000732000000, 0x0000000732000000, 0x0000000732200000|  0%| F|  |TAMS 0x0000000732000000| PB 0x0000000732000000| Untracked |  0
|  306|0x0000000732200000, 0x0000000732200000, 0x0000000732400000|  0%| F|  |TAMS 0x0000000732200000| PB 0x0000000732200000| Untracked |  0
|  307|0x0000000732400000, 0x0000000732400000, 0x0000000732600000|  0%| F|  |TAMS 0x0000000732400000| PB 0x0000000732400000| Untracked |  0
|  308|0x0000000732600000, 0x0000000732600000, 0x0000000732800000|  0%| F|  |TAMS 0x0000000732600000| PB 0x0000000732600000| Untracked |  0
|  309|0x0000000732800000, 0x0000000732800000, 0x0000000732a00000|  0%| F|  |TAMS 0x0000000732800000| PB 0x0000000732800000| Untracked |  0
|  310|0x0000000732a00000, 0x0000000732a00000, 0x0000000732c00000|  0%| F|  |TAMS 0x0000000732a00000| PB 0x0000000732a00000| Untracked |  0
|  311|0x0000000732c00000, 0x0000000732c00000, 0x0000000732e00000|  0%| F|  |TAMS 0x0000000732c00000| PB 0x0000000732c00000| Untracked |  0
|  312|0x0000000732e00000, 0x0000000732e00000, 0x0000000733000000|  0%| F|  |TAMS 0x0000000732e00000| PB 0x0000000732e00000| Untracked |  0
|  313|0x0000000733000000, 0x0000000733000000, 0x0000000733200000|  0%| F|  |TAMS 0x0000000733000000| PB 0x0000000733000000| Untracked |  0
|  314|0x0000000733200000, 0x0000000733200000, 0x0000000733400000|  0%| F|  |TAMS 0x0000000733200000| PB 0x0000000733200000| Untracked |  0
|  315|0x0000000733400000, 0x0000000733400000, 0x0000000733600000|  0%| F|  |TAMS 0x0000000733400000| PB 0x0000000733400000| Untracked |  0
|  316|0x0000000733600000, 0x0000000733600000, 0x0000000733800000|  0%| F|  |TAMS 0x0000000733600000| PB 0x0000000733600000| Untracked |  0
|  317|0x0000000733800000, 0x0000000733800000, 0x0000000733a00000|  0%| F|  |TAMS 0x0000000733800000| PB 0x0000000733800000| Untracked |  0
|  318|0x0000000733a00000, 0x0000000733a00000, 0x0000000733c00000|  0%| F|  |TAMS 0x0000000733a00000| PB 0x0000000733a00000| Untracked |  0
|  319|0x0000000733c00000, 0x0000000733c00000, 0x0000000733e00000|  0%| F|  |TAMS 0x0000000733c00000| PB 0x0000000733c00000| Untracked |  0
|  320|0x0000000733e00000, 0x0000000733e00000, 0x0000000734000000|  0%| F|  |TAMS 0x0000000733e00000| PB 0x0000000733e00000| Untracked |  0
|  321|0x0000000734000000, 0x0000000734000000, 0x0000000734200000|  0%| F|  |TAMS 0x0000000734000000| PB 0x0000000734000000| Untracked |  0
|  322|0x0000000734200000, 0x0000000734200000, 0x0000000734400000|  0%| F|  |TAMS 0x0000000734200000| PB 0x0000000734200000| Untracked |  0
|  323|0x0000000734400000, 0x0000000734400000, 0x0000000734600000|  0%| F|  |TAMS 0x0000000734400000| PB 0x0000000734400000| Untracked |  0
|  324|0x0000000734600000, 0x0000000734600000, 0x0000000734800000|  0%| F|  |TAMS 0x0000000734600000| PB 0x0000000734600000| Untracked |  0
|  325|0x0000000734800000, 0x0000000734800000, 0x0000000734a00000|  0%| F|  |TAMS 0x0000000734800000| PB 0x0000000734800000| Untracked |  0
|  326|0x0000000734a00000, 0x0000000734a00000, 0x0000000734c00000|  0%| F|  |TAMS 0x0000000734a00000| PB 0x0000000734a00000| Untracked |  0
|  327|0x0000000734c00000, 0x0000000734c00000, 0x0000000734e00000|  0%| F|  |TAMS 0x0000000734c00000| PB 0x0000000734c00000| Untracked |  0
|  328|0x0000000734e00000, 0x0000000734e00000, 0x0000000735000000|  0%| F|  |TAMS 0x0000000734e00000| PB 0x0000000734e00000| Untracked |  0
|  329|0x0000000735000000, 0x0000000735000000, 0x0000000735200000|  0%| F|  |TAMS 0x0000000735000000| PB 0x0000000735000000| Untracked |  0
|  330|0x0000000735200000, 0x0000000735200000, 0x0000000735400000|  0%| F|  |TAMS 0x0000000735200000| PB 0x0000000735200000| Untracked |  0
|  331|0x0000000735400000, 0x0000000735400000, 0x0000000735600000|  0%| F|  |TAMS 0x0000000735400000| PB 0x0000000735400000| Untracked |  0
|  332|0x0000000735600000, 0x0000000735600000, 0x0000000735800000|  0%| F|  |TAMS 0x0000000735600000| PB 0x0000000735600000| Untracked |  0
|  333|0x0000000735800000, 0x0000000735800000, 0x0000000735a00000|  0%| F|  |TAMS 0x0000000735800000| PB 0x0000000735800000| Untracked |  0
|  334|0x0000000735a00000, 0x0000000735a00000, 0x0000000735c00000|  0%| F|  |TAMS 0x0000000735a00000| PB 0x0000000735a00000| Untracked |  0
|  335|0x0000000735c00000, 0x0000000735c00000, 0x0000000735e00000|  0%| F|  |TAMS 0x0000000735c00000| PB 0x0000000735c00000| Untracked |  0
|  336|0x0000000735e00000, 0x0000000735e00000, 0x0000000736000000|  0%| F|  |TAMS 0x0000000735e00000| PB 0x0000000735e00000| Untracked |  0
|  337|0x0000000736000000, 0x0000000736000000, 0x0000000736200000|  0%| F|  |TAMS 0x0000000736000000| PB 0x0000000736000000| Untracked |  0
|  338|0x0000000736200000, 0x0000000736200000, 0x0000000736400000|  0%| F|  |TAMS 0x0000000736200000| PB 0x0000000736200000| Untracked |  0
|  339|0x0000000736400000, 0x0000000736400000, 0x0000000736600000|  0%| F|  |TAMS 0x0000000736400000| PB 0x0000000736400000| Untracked |  0
|  340|0x0000000736600000, 0x0000000736600000, 0x0000000736800000|  0%| F|  |TAMS 0x0000000736600000| PB 0x0000000736600000| Untracked |  0
|  341|0x0000000736800000, 0x0000000736800000, 0x0000000736a00000|  0%| F|  |TAMS 0x0000000736800000| PB 0x0000000736800000| Untracked |  0
|  342|0x0000000736a00000, 0x0000000736a00000, 0x0000000736c00000|  0%| F|  |TAMS 0x0000000736a00000| PB 0x0000000736a00000| Untracked |  0
|  343|0x0000000736c00000, 0x0000000736c00000, 0x0000000736e00000|  0%| F|  |TAMS 0x0000000736c00000| PB 0x0000000736c00000| Untracked |  0
|  344|0x0000000736e00000, 0x0000000736e00000, 0x0000000737000000|  0%| F|  |TAMS 0x0000000736e00000| PB 0x0000000736e00000| Untracked |  0
|  345|0x0000000737000000, 0x0000000737000000, 0x0000000737200000|  0%| F|  |TAMS 0x0000000737000000| PB 0x0000000737000000| Untracked |  0
|  346|0x0000000737200000, 0x0000000737200000, 0x0000000737400000|  0%| F|  |TAMS 0x0000000737200000| PB 0x0000000737200000| Untracked |  0
|  347|0x0000000737400000, 0x0000000737400000, 0x0000000737600000|  0%| F|  |TAMS 0x0000000737400000| PB 0x0000000737400000| Untracked |  0
|  348|0x0000000737600000, 0x0000000737600000, 0x0000000737800000|  0%| F|  |TAMS 0x0000000737600000| PB 0x0000000737600000| Untracked |  0
|  349|0x0000000737800000, 0x0000000737800000, 0x0000000737a00000|  0%| F|  |TAMS 0x0000000737800000| PB 0x0000000737800000| Untracked |  0
|  350|0x0000000737a00000, 0x0000000737a00000, 0x0000000737c00000|  0%| F|  |TAMS 0x0000000737a00000| PB 0x0000000737a00000| Untracked |  0
|  351|0x0000000737c00000, 0x0000000737c00000, 0x0000000737e00000|  0%| F|  |TAMS 0x0000000737c00000| PB 0x0000000737c00000| Untracked |  0
|  352|0x0000000737e00000, 0x0000000737e00000, 0x0000000738000000|  0%| F|  |TAMS 0x0000000737e00000| PB 0x0000000737e00000| Untracked |  0
|  353|0x0000000738000000, 0x0000000738000000, 0x0000000738200000|  0%| F|  |TAMS 0x0000000738000000| PB 0x0000000738000000| Untracked |  0
|  354|0x0000000738200000, 0x0000000738200000, 0x0000000738400000|  0%| F|  |TAMS 0x0000000738200000| PB 0x0000000738200000| Untracked |  0
|  355|0x0000000738400000, 0x0000000738400000, 0x0000000738600000|  0%| F|  |TAMS 0x0000000738400000| PB 0x0000000738400000| Untracked |  0
|  356|0x0000000738600000, 0x0000000738600000, 0x0000000738800000|  0%| F|  |TAMS 0x0000000738600000| PB 0x0000000738600000| Untracked |  0
|  357|0x0000000738800000, 0x0000000738800000, 0x0000000738a00000|  0%| F|  |TAMS 0x0000000738800000| PB 0x0000000738800000| Untracked |  0
|  358|0x0000000738a00000, 0x0000000738a00000, 0x0000000738c00000|  0%| F|  |TAMS 0x0000000738a00000| PB 0x0000000738a00000| Untracked |  0
|  359|0x0000000738c00000, 0x0000000738c00000, 0x0000000738e00000|  0%| F|  |TAMS 0x0000000738c00000| PB 0x0000000738c00000| Untracked |  0
|  360|0x0000000738e00000, 0x0000000738e00000, 0x0000000739000000|  0%| F|  |TAMS 0x0000000738e00000| PB 0x0000000738e00000| Untracked |  0
|  361|0x0000000739000000, 0x0000000739000000, 0x0000000739200000|  0%| F|  |TAMS 0x0000000739000000| PB 0x0000000739000000| Untracked |  0
|  362|0x0000000739200000, 0x0000000739200000, 0x0000000739400000|  0%| F|  |TAMS 0x0000000739200000| PB 0x0000000739200000| Untracked |  0
|  363|0x0000000739400000, 0x0000000739400000, 0x0000000739600000|  0%| F|  |TAMS 0x0000000739400000| PB 0x0000000739400000| Untracked |  0
|  364|0x0000000739600000, 0x0000000739600000, 0x0000000739800000|  0%| F|  |TAMS 0x0000000739600000| PB 0x0000000739600000| Untracked |  0
|  365|0x0000000739800000, 0x0000000739800000, 0x0000000739a00000|  0%| F|  |TAMS 0x0000000739800000| PB 0x0000000739800000| Untracked |  0
|  366|0x0000000739a00000, 0x0000000739a00000, 0x0000000739c00000|  0%| F|  |TAMS 0x0000000739a00000| PB 0x0000000739a00000| Untracked |  0
|  367|0x0000000739c00000, 0x0000000739c00000, 0x0000000739e00000|  0%| F|  |TAMS 0x0000000739c00000| PB 0x0000000739c00000| Untracked |  0
|  368|0x0000000739e00000, 0x0000000739e00000, 0x000000073a000000|  0%| F|  |TAMS 0x0000000739e00000| PB 0x0000000739e00000| Untracked |  0
|  369|0x000000073a000000, 0x000000073a000000, 0x000000073a200000|  0%| F|  |TAMS 0x000000073a000000| PB 0x000000073a000000| Untracked |  0
|  370|0x000000073a200000, 0x000000073a200000, 0x000000073a400000|  0%| F|  |TAMS 0x000000073a200000| PB 0x000000073a200000| Untracked |  0
|  371|0x000000073a400000, 0x000000073a400000, 0x000000073a600000|  0%| F|  |TAMS 0x000000073a400000| PB 0x000000073a400000| Untracked |  0
|  372|0x000000073a600000, 0x000000073a600000, 0x000000073a800000|  0%| F|  |TAMS 0x000000073a600000| PB 0x000000073a600000| Untracked |  0
|  373|0x000000073a800000, 0x000000073a800000, 0x000000073aa00000|  0%| F|  |TAMS 0x000000073a800000| PB 0x000000073a800000| Untracked |  0
|  374|0x000000073aa00000, 0x000000073aa00000, 0x000000073ac00000|  0%| F|  |TAMS 0x000000073aa00000| PB 0x000000073aa00000| Untracked |  0
|  375|0x000000073ac00000, 0x000000073ac00000, 0x000000073ae00000|  0%| F|  |TAMS 0x000000073ac00000| PB 0x000000073ac00000| Untracked |  0
|  376|0x000000073ae00000, 0x000000073ae00000, 0x000000073b000000|  0%| F|  |TAMS 0x000000073ae00000| PB 0x000000073ae00000| Untracked |  0
|  377|0x000000073b000000, 0x000000073b000000, 0x000000073b200000|  0%| F|  |TAMS 0x000000073b000000| PB 0x000000073b000000| Untracked |  0
|  378|0x000000073b200000, 0x000000073b200000, 0x000000073b400000|  0%| F|  |TAMS 0x000000073b200000| PB 0x000000073b200000| Untracked |  0
|  379|0x000000073b400000, 0x000000073b400000, 0x000000073b600000|  0%| F|  |TAMS 0x000000073b400000| PB 0x000000073b400000| Untracked |  0
|  380|0x000000073b600000, 0x000000073b600000, 0x000000073b800000|  0%| F|  |TAMS 0x000000073b600000| PB 0x000000073b600000| Untracked |  0
|  381|0x000000073b800000, 0x000000073b800000, 0x000000073ba00000|  0%| F|  |TAMS 0x000000073b800000| PB 0x000000073b800000| Untracked |  0
|  382|0x000000073ba00000, 0x000000073ba00000, 0x000000073bc00000|  0%| F|  |TAMS 0x000000073ba00000| PB 0x000000073ba00000| Untracked |  0
|  383|0x000000073bc00000, 0x000000073bc00000, 0x000000073be00000|  0%| F|  |TAMS 0x000000073bc00000| PB 0x000000073bc00000| Untracked |  0
|  384|0x000000073be00000, 0x000000073be00000, 0x000000073c000000|  0%| F|  |TAMS 0x000000073be00000| PB 0x000000073be00000| Untracked |  0
|  385|0x000000073c000000, 0x000000073c000000, 0x000000073c200000|  0%| F|  |TAMS 0x000000073c000000| PB 0x000000073c000000| Untracked |  0
|  386|0x000000073c200000, 0x000000073c200000, 0x000000073c400000|  0%| F|  |TAMS 0x000000073c200000| PB 0x000000073c200000| Untracked |  0
|  387|0x000000073c400000, 0x000000073c400000, 0x000000073c600000|  0%| F|  |TAMS 0x000000073c400000| PB 0x000000073c400000| Untracked |  0
|  388|0x000000073c600000, 0x000000073c600000, 0x000000073c800000|  0%| F|  |TAMS 0x000000073c600000| PB 0x000000073c600000| Untracked |  0
|  389|0x000000073c800000, 0x000000073c800000, 0x000000073ca00000|  0%| F|  |TAMS 0x000000073c800000| PB 0x000000073c800000| Untracked |  0
|  390|0x000000073ca00000, 0x000000073ca00000, 0x000000073cc00000|  0%| F|  |TAMS 0x000000073ca00000| PB 0x000000073ca00000| Untracked |  0
|  391|0x000000073cc00000, 0x000000073cc00000, 0x000000073ce00000|  0%| F|  |TAMS 0x000000073cc00000| PB 0x000000073cc00000| Untracked |  0
|  392|0x000000073ce00000, 0x000000073ce00000, 0x000000073d000000|  0%| F|  |TAMS 0x000000073ce00000| PB 0x000000073ce00000| Untracked |  0
|  393|0x000000073d000000, 0x000000073d000000, 0x000000073d200000|  0%| F|  |TAMS 0x000000073d000000| PB 0x000000073d000000| Untracked |  0
|  394|0x000000073d200000, 0x000000073d200000, 0x000000073d400000|  0%| F|  |TAMS 0x000000073d200000| PB 0x000000073d200000| Untracked |  0
|  395|0x000000073d400000, 0x000000073d400000, 0x000000073d600000|  0%| F|  |TAMS 0x000000073d400000| PB 0x000000073d400000| Untracked |  0
|  396|0x000000073d600000, 0x000000073d600000, 0x000000073d800000|  0%| F|  |TAMS 0x000000073d600000| PB 0x000000073d600000| Untracked |  0
|  397|0x000000073d800000, 0x000000073d800000, 0x000000073da00000|  0%| F|  |TAMS 0x000000073d800000| PB 0x000000073d800000| Untracked |  0
|  398|0x000000073da00000, 0x000000073da00000, 0x000000073dc00000|  0%| F|  |TAMS 0x000000073da00000| PB 0x000000073da00000| Untracked |  0
|  399|0x000000073dc00000, 0x000000073dc00000, 0x000000073de00000|  0%| F|  |TAMS 0x000000073dc00000| PB 0x000000073dc00000| Untracked |  0
|  400|0x000000073de00000, 0x000000073de00000, 0x000000073e000000|  0%| F|  |TAMS 0x000000073de00000| PB 0x000000073de00000| Untracked |  0
|  401|0x000000073e000000, 0x000000073e000000, 0x000000073e200000|  0%| F|  |TAMS 0x000000073e000000| PB 0x000000073e000000| Untracked |  0
|  402|0x000000073e200000, 0x000000073e200000, 0x000000073e400000|  0%| F|  |TAMS 0x000000073e200000| PB 0x000000073e200000| Untracked |  0
|  403|0x000000073e400000, 0x000000073e400000, 0x000000073e600000|  0%| F|  |TAMS 0x000000073e400000| PB 0x000000073e400000| Untracked |  0
|  404|0x000000073e600000, 0x000000073e600000, 0x000000073e800000|  0%| F|  |TAMS 0x000000073e600000| PB 0x000000073e600000| Untracked |  0
|  405|0x000000073e800000, 0x000000073e800000, 0x000000073ea00000|  0%| F|  |TAMS 0x000000073e800000| PB 0x000000073e800000| Untracked |  0
|  406|0x000000073ea00000, 0x000000073ea00000, 0x000000073ec00000|  0%| F|  |TAMS 0x000000073ea00000| PB 0x000000073ea00000| Untracked |  0
|  407|0x000000073ec00000, 0x000000073ec00000, 0x000000073ee00000|  0%| F|  |TAMS 0x000000073ec00000| PB 0x000000073ec00000| Untracked |  0
|  408|0x000000073ee00000, 0x000000073ee00000, 0x000000073f000000|  0%| F|  |TAMS 0x000000073ee00000| PB 0x000000073ee00000| Untracked |  0
|  409|0x000000073f000000, 0x000000073f000000, 0x000000073f200000|  0%| F|  |TAMS 0x000000073f000000| PB 0x000000073f000000| Untracked |  0
|  410|0x000000073f200000, 0x000000073f200000, 0x000000073f400000|  0%| F|  |TAMS 0x000000073f200000| PB 0x000000073f200000| Untracked |  0
|  411|0x000000073f400000, 0x000000073f400000, 0x000000073f600000|  0%| F|  |TAMS 0x000000073f400000| PB 0x000000073f400000| Untracked |  0
|  412|0x000000073f600000, 0x000000073f600000, 0x000000073f800000|  0%| F|  |TAMS 0x000000073f600000| PB 0x000000073f600000| Untracked |  0
|  413|0x000000073f800000, 0x000000073f800000, 0x000000073fa00000|  0%| F|  |TAMS 0x000000073f800000| PB 0x000000073f800000| Untracked |  0
|  414|0x000000073fa00000, 0x000000073fa00000, 0x000000073fc00000|  0%| F|  |TAMS 0x000000073fa00000| PB 0x000000073fa00000| Untracked |  0
|  415|0x000000073fc00000, 0x000000073fc00000, 0x000000073fe00000|  0%| F|  |TAMS 0x000000073fc00000| PB 0x000000073fc00000| Untracked |  0
|  416|0x000000073fe00000, 0x000000073fe00000, 0x0000000740000000|  0%| F|  |TAMS 0x000000073fe00000| PB 0x000000073fe00000| Untracked |  0
|  417|0x0000000740000000, 0x0000000740000000, 0x0000000740200000|  0%| F|  |TAMS 0x0000000740000000| PB 0x0000000740000000| Untracked |  0
|  418|0x0000000740200000, 0x0000000740200000, 0x0000000740400000|  0%| F|  |TAMS 0x0000000740200000| PB 0x0000000740200000| Untracked |  0
|  419|0x0000000740400000, 0x0000000740400000, 0x0000000740600000|  0%| F|  |TAMS 0x0000000740400000| PB 0x0000000740400000| Untracked |  0
|  420|0x0000000740600000, 0x0000000740600000, 0x0000000740800000|  0%| F|  |TAMS 0x0000000740600000| PB 0x0000000740600000| Untracked |  0
|  421|0x0000000740800000, 0x0000000740800000, 0x0000000740a00000|  0%| F|  |TAMS 0x0000000740800000| PB 0x0000000740800000| Untracked |  0
|  422|0x0000000740a00000, 0x0000000740a00000, 0x0000000740c00000|  0%| F|  |TAMS 0x0000000740a00000| PB 0x0000000740a00000| Untracked |  0
|  423|0x0000000740c00000, 0x0000000740c00000, 0x0000000740e00000|  0%| F|  |TAMS 0x0000000740c00000| PB 0x0000000740c00000| Untracked |  0
|  424|0x0000000740e00000, 0x0000000740e00000, 0x0000000741000000|  0%| F|  |TAMS 0x0000000740e00000| PB 0x0000000740e00000| Untracked |  0
|  425|0x0000000741000000, 0x0000000741000000, 0x0000000741200000|  0%| F|  |TAMS 0x0000000741000000| PB 0x0000000741000000| Untracked |  0
|  426|0x0000000741200000, 0x0000000741200000, 0x0000000741400000|  0%| F|  |TAMS 0x0000000741200000| PB 0x0000000741200000| Untracked |  0
|  427|0x0000000741400000, 0x0000000741400000, 0x0000000741600000|  0%| F|  |TAMS 0x0000000741400000| PB 0x0000000741400000| Untracked |  0
|  428|0x0000000741600000, 0x0000000741600000, 0x0000000741800000|  0%| F|  |TAMS 0x0000000741600000| PB 0x0000000741600000| Untracked |  0
|  429|0x0000000741800000, 0x0000000741800000, 0x0000000741a00000|  0%| F|  |TAMS 0x0000000741800000| PB 0x0000000741800000| Untracked |  0
|  430|0x0000000741a00000, 0x0000000741a00000, 0x0000000741c00000|  0%| F|  |TAMS 0x0000000741a00000| PB 0x0000000741a00000| Untracked |  0
|  431|0x0000000741c00000, 0x0000000741d1a558, 0x0000000741e00000| 55%| S|  |TAMS 0x0000000741c00000| PB 0x0000000741c00000| Untracked |  0
|  432|0x0000000741e00000, 0x0000000742000000, 0x0000000742000000|100%| S|  |TAMS 0x0000000741e00000| PB 0x0000000741e00000| Untracked |  0
|  433|0x0000000742000000, 0x0000000742200000, 0x0000000742200000|100%| S|  |TAMS 0x0000000742000000| PB 0x0000000742000000| Untracked |  0
|  434|0x0000000742200000, 0x0000000742400000, 0x0000000742400000|100%| S|  |TAMS 0x0000000742200000| PB 0x0000000742200000| Untracked |  0
|  435|0x0000000742400000, 0x0000000742600000, 0x0000000742600000|100%| S|  |TAMS 0x0000000742400000| PB 0x0000000742400000| Untracked |  0
|  436|0x0000000742600000, 0x0000000742800000, 0x0000000742800000|100%| S|  |TAMS 0x0000000742600000| PB 0x0000000742600000| Untracked |  0
|  437|0x0000000742800000, 0x0000000742a00000, 0x0000000742a00000|100%| S|  |TAMS 0x0000000742800000| PB 0x0000000742800000| Untracked |  0
|  438|0x0000000742a00000, 0x0000000742c00000, 0x0000000742c00000|100%| S|  |TAMS 0x0000000742a00000| PB 0x0000000742a00000| Untracked |  0
|  439|0x0000000742c00000, 0x0000000742c4e2c0, 0x0000000742e00000| 15%| E|CS|TAMS 0x0000000742c00000| PB 0x0000000742c00000| Complete  |  0
|  440|0x0000000742e00000, 0x0000000743000000, 0x0000000743000000|100%| E|CS|TAMS 0x0000000742e00000| PB 0x0000000742e00000| Complete  |  0
|  441|0x0000000743000000, 0x0000000743200000, 0x0000000743200000|100%| E|CS|TAMS 0x0000000743000000| PB 0x0000000743000000| Complete  |  0
|  442|0x0000000743200000, 0x0000000743400000, 0x0000000743400000|100%| E|CS|TAMS 0x0000000743200000| PB 0x0000000743200000| Complete  |  0
|  443|0x0000000743400000, 0x0000000743600000, 0x0000000743600000|100%| E|CS|TAMS 0x0000000743400000| PB 0x0000000743400000| Complete  |  0
|  444|0x0000000743600000, 0x0000000743800000, 0x0000000743800000|100%| E|CS|TAMS 0x0000000743600000| PB 0x0000000743600000| Complete  |  0
|  445|0x0000000743800000, 0x0000000743a00000, 0x0000000743a00000|100%| E|CS|TAMS 0x0000000743800000| PB 0x0000000743800000| Complete  |  0
|  446|0x0000000743a00000, 0x0000000743c00000, 0x0000000743c00000|100%| E|CS|TAMS 0x0000000743a00000| PB 0x0000000743a00000| Complete  |  0
|  447|0x0000000743c00000, 0x0000000743e00000, 0x0000000743e00000|100%| E|CS|TAMS 0x0000000743c00000| PB 0x0000000743c00000| Complete  |  0
|  448|0x0000000743e00000, 0x0000000744000000, 0x0000000744000000|100%| E|CS|TAMS 0x0000000743e00000| PB 0x0000000743e00000| Complete  |  0
|  449|0x0000000744000000, 0x0000000744200000, 0x0000000744200000|100%| E|CS|TAMS 0x0000000744000000| PB 0x0000000744000000| Complete  |  0
|  450|0x0000000744200000, 0x0000000744400000, 0x0000000744400000|100%| E|CS|TAMS 0x0000000744200000| PB 0x0000000744200000| Complete  |  0
|  451|0x0000000744400000, 0x0000000744600000, 0x0000000744600000|100%| E|CS|TAMS 0x0000000744400000| PB 0x0000000744400000| Complete  |  0
|  452|0x0000000744600000, 0x0000000744800000, 0x0000000744800000|100%| E|CS|TAMS 0x0000000744600000| PB 0x0000000744600000| Complete  |  0
|  453|0x0000000744800000, 0x0000000744a00000, 0x0000000744a00000|100%| E|CS|TAMS 0x0000000744800000| PB 0x0000000744800000| Complete  |  0
|  454|0x0000000744a00000, 0x0000000744c00000, 0x0000000744c00000|100%| E|CS|TAMS 0x0000000744a00000| PB 0x0000000744a00000| Complete  |  0
|  455|0x0000000744c00000, 0x0000000744e00000, 0x0000000744e00000|100%| E|CS|TAMS 0x0000000744c00000| PB 0x0000000744c00000| Complete  |  0
|  456|0x0000000744e00000, 0x0000000745000000, 0x0000000745000000|100%| E|CS|TAMS 0x0000000744e00000| PB 0x0000000744e00000| Complete  |  0
|  457|0x0000000745000000, 0x0000000745200000, 0x0000000745200000|100%| E|CS|TAMS 0x0000000745000000| PB 0x0000000745000000| Complete  |  0
|  458|0x0000000745200000, 0x0000000745400000, 0x0000000745400000|100%| E|CS|TAMS 0x0000000745200000| PB 0x0000000745200000| Complete  |  0
|  459|0x0000000745400000, 0x0000000745600000, 0x0000000745600000|100%| E|CS|TAMS 0x0000000745400000| PB 0x0000000745400000| Complete  |  0
|  460|0x0000000745600000, 0x0000000745800000, 0x0000000745800000|100%| E|CS|TAMS 0x0000000745600000| PB 0x0000000745600000| Complete  |  0
|  461|0x0000000745800000, 0x0000000745a00000, 0x0000000745a00000|100%| E|CS|TAMS 0x0000000745800000| PB 0x0000000745800000| Complete  |  0
|  462|0x0000000745a00000, 0x0000000745c00000, 0x0000000745c00000|100%| E|CS|TAMS 0x0000000745a00000| PB 0x0000000745a00000| Complete  |  0
|  463|0x0000000745c00000, 0x0000000745e00000, 0x0000000745e00000|100%| E|CS|TAMS 0x0000000745c00000| PB 0x0000000745c00000| Complete  |  0
|  464|0x0000000745e00000, 0x0000000746000000, 0x0000000746000000|100%| E|CS|TAMS 0x0000000745e00000| PB 0x0000000745e00000| Complete  |  0
|  465|0x0000000746000000, 0x0000000746200000, 0x0000000746200000|100%| E|CS|TAMS 0x0000000746000000| PB 0x0000000746000000| Complete  |  0
|  466|0x0000000746200000, 0x000000074629f630, 0x0000000746400000| 31%| E|CS|TAMS 0x0000000746200000| PB 0x0000000746200000| Complete  |  0
|  467|0x0000000746400000, 0x0000000746600000, 0x0000000746600000|100%| E|CS|TAMS 0x0000000746400000| PB 0x0000000746400000| Complete  |  0
|  468|0x0000000746600000, 0x0000000746800000, 0x0000000746800000|100%| E|CS|TAMS 0x0000000746600000| PB 0x0000000746600000| Complete  |  0
|  469|0x0000000746800000, 0x0000000746a00000, 0x0000000746a00000|100%| E|CS|TAMS 0x0000000746800000| PB 0x0000000746800000| Complete  |  0
|  470|0x0000000746a00000, 0x0000000746c00000, 0x0000000746c00000|100%| E|CS|TAMS 0x0000000746a00000| PB 0x0000000746a00000| Complete  |  0
|  471|0x0000000746c00000, 0x0000000746e00000, 0x0000000746e00000|100%| E|CS|TAMS 0x0000000746c00000| PB 0x0000000746c00000| Complete  |  0
|  472|0x0000000746e00000, 0x0000000747000000, 0x0000000747000000|100%| E|CS|TAMS 0x0000000746e00000| PB 0x0000000746e00000| Complete  |  0
|  473|0x0000000747000000, 0x0000000747200000, 0x0000000747200000|100%| E|CS|TAMS 0x0000000747000000| PB 0x0000000747000000| Complete  |  0
|  474|0x0000000747200000, 0x0000000747400000, 0x0000000747400000|100%| E|CS|TAMS 0x0000000747200000| PB 0x0000000747200000| Complete  |  0
|  475|0x0000000747400000, 0x0000000747600000, 0x0000000747600000|100%| E|CS|TAMS 0x0000000747400000| PB 0x0000000747400000| Complete  |  0
|  476|0x0000000747600000, 0x0000000747800000, 0x0000000747800000|100%| E|CS|TAMS 0x0000000747600000| PB 0x0000000747600000| Complete  |  0
|  477|0x0000000747800000, 0x0000000747a00000, 0x0000000747a00000|100%| E|CS|TAMS 0x0000000747800000| PB 0x0000000747800000| Complete  |  0
|  478|0x0000000747a00000, 0x0000000747c00000, 0x0000000747c00000|100%| E|CS|TAMS 0x0000000747a00000| PB 0x0000000747a00000| Complete  |  0
|  479|0x0000000747c00000, 0x0000000747e00000, 0x0000000747e00000|100%| E|CS|TAMS 0x0000000747c00000| PB 0x0000000747c00000| Complete  |  0
|  480|0x0000000747e00000, 0x0000000748000000, 0x0000000748000000|100%| E|CS|TAMS 0x0000000747e00000| PB 0x0000000747e00000| Complete  |  0
|  481|0x0000000748000000, 0x0000000748200000, 0x0000000748200000|100%| E|CS|TAMS 0x0000000748000000| PB 0x0000000748000000| Complete  |  0
|  482|0x0000000748200000, 0x0000000748400000, 0x0000000748400000|100%| E|CS|TAMS 0x0000000748200000| PB 0x0000000748200000| Complete  |  0
|  483|0x0000000748400000, 0x0000000748600000, 0x0000000748600000|100%| E|CS|TAMS 0x0000000748400000| PB 0x0000000748400000| Complete  |  0
|  484|0x0000000748600000, 0x0000000748800000, 0x0000000748800000|100%| E|CS|TAMS 0x0000000748600000| PB 0x0000000748600000| Complete  |  0
|  485|0x0000000748800000, 0x0000000748a00000, 0x0000000748a00000|100%| E|CS|TAMS 0x0000000748800000| PB 0x0000000748800000| Complete  |  0
|  486|0x0000000748a00000, 0x0000000748c00000, 0x0000000748c00000|100%| E|CS|TAMS 0x0000000748a00000| PB 0x0000000748a00000| Complete  |  0
|  487|0x0000000748c00000, 0x0000000748e00000, 0x0000000748e00000|100%| E|CS|TAMS 0x0000000748c00000| PB 0x0000000748c00000| Complete  |  0
|  488|0x0000000748e00000, 0x0000000749000000, 0x0000000749000000|100%| E|CS|TAMS 0x0000000748e00000| PB 0x0000000748e00000| Complete  |  0
|  489|0x0000000749000000, 0x0000000749200000, 0x0000000749200000|100%| E|CS|TAMS 0x0000000749000000| PB 0x0000000749000000| Complete  |  0
|  490|0x0000000749200000, 0x0000000749400000, 0x0000000749400000|100%| E|CS|TAMS 0x0000000749200000| PB 0x0000000749200000| Complete  |  0
|  491|0x0000000749400000, 0x0000000749600000, 0x0000000749600000|100%| E|CS|TAMS 0x0000000749400000| PB 0x0000000749400000| Complete  |  0
|  492|0x0000000749600000, 0x0000000749800000, 0x0000000749800000|100%| E|CS|TAMS 0x0000000749600000| PB 0x0000000749600000| Complete  |  0
|  493|0x0000000749800000, 0x0000000749a00000, 0x0000000749a00000|100%| E|CS|TAMS 0x0000000749800000| PB 0x0000000749800000| Complete  |  0
|  494|0x0000000749a00000, 0x0000000749c00000, 0x0000000749c00000|100%| E|CS|TAMS 0x0000000749a00000| PB 0x0000000749a00000| Complete  |  0
|  495|0x0000000749c00000, 0x0000000749e00000, 0x0000000749e00000|100%| E|CS|TAMS 0x0000000749c00000| PB 0x0000000749c00000| Complete  |  0
|  496|0x0000000749e00000, 0x000000074a000000, 0x000000074a000000|100%| E|CS|TAMS 0x0000000749e00000| PB 0x0000000749e00000| Complete  |  0
|  497|0x000000074a000000, 0x000000074a200000, 0x000000074a200000|100%| E|CS|TAMS 0x000000074a000000| PB 0x000000074a000000| Complete  |  0
|  498|0x000000074a200000, 0x000000074a400000, 0x000000074a400000|100%| E|CS|TAMS 0x000000074a200000| PB 0x000000074a200000| Complete  |  0
|  499|0x000000074a400000, 0x000000074a600000, 0x000000074a600000|100%| E|CS|TAMS 0x000000074a400000| PB 0x000000074a400000| Complete  |  0
|  500|0x000000074a600000, 0x000000074a800000, 0x000000074a800000|100%| E|CS|TAMS 0x000000074a600000| PB 0x000000074a600000| Complete  |  0
|  501|0x000000074a800000, 0x000000074aa00000, 0x000000074aa00000|100%| E|CS|TAMS 0x000000074a800000| PB 0x000000074a800000| Complete  |  0
|  502|0x000000074aa00000, 0x000000074ac00000, 0x000000074ac00000|100%| E|CS|TAMS 0x000000074aa00000| PB 0x000000074aa00000| Complete  |  0
|  503|0x000000074ac00000, 0x000000074ae00000, 0x000000074ae00000|100%| E|CS|TAMS 0x000000074ac00000| PB 0x000000074ac00000| Complete  |  0
|  504|0x000000074ae00000, 0x000000074b000000, 0x000000074b000000|100%| E|CS|TAMS 0x000000074ae00000| PB 0x000000074ae00000| Complete  |  0
|  505|0x000000074b000000, 0x000000074b200000, 0x000000074b200000|100%| E|CS|TAMS 0x000000074b000000| PB 0x000000074b000000| Complete  |  0
|  506|0x000000074b200000, 0x000000074b400000, 0x000000074b400000|100%| E|CS|TAMS 0x000000074b200000| PB 0x000000074b200000| Complete  |  0
|  507|0x000000074b400000, 0x000000074b600000, 0x000000074b600000|100%| E|CS|TAMS 0x000000074b400000| PB 0x000000074b400000| Complete  |  0
|  508|0x000000074b600000, 0x000000074b800000, 0x000000074b800000|100%| E|CS|TAMS 0x000000074b600000| PB 0x000000074b600000| Complete  |  0
|  509|0x000000074b800000, 0x000000074ba00000, 0x000000074ba00000|100%| E|CS|TAMS 0x000000074b800000| PB 0x000000074b800000| Complete  |  0
|  510|0x000000074ba00000, 0x000000074bc00000, 0x000000074bc00000|100%| E|CS|TAMS 0x000000074ba00000| PB 0x000000074ba00000| Complete  |  0
|  511|0x000000074bc00000, 0x000000074be00000, 0x000000074be00000|100%| E|CS|TAMS 0x000000074bc00000| PB 0x000000074bc00000| Complete  |  0
| 1952|0x00000007ffe00000, 0x00000007fff241a8, 0x0000000800000000| 57%| O|Cm|TAMS 0x00000007ffe00000| PB 0x00000007ffe00000| Complete  |  0

Card table byte_map: [0x00007f9c5271d000,0x00007f9c52ebe000] _byte_map_base: 0x00007f9c4eebe000
Refinement table byte_map: [0x00007f9c52ebe000,0x00007f9c5365f000] _byte_map_base: 0x00007f9c4f65f000

Marking Bits: (CMBitMap*) 0x00007f9c6c06a700
 Bits: [0x00007f9c4ea15000, 0x00007f9c5271d000)

Polling page: 0x00007f9c729ee000

Metaspace:
Metaspace        used 35302K, committed 36288K, reserved 1114112K
 class space     used 3769K, committed 4224K, reserved 1048576K

Usage:
  Non-class:     30,79 MB used.
      Class:      3,68 MB used.
       Both:     34,47 MB used.

Virtual space:
  Non-class space:       64,00 MB reserved,      31,31 MB ( 49%) committed,  1 nodes.
      Class space:        1,00 GB reserved,       4,12 MB ( <1%) committed,  1 nodes.
             Both:        1,06 GB reserved,      35,44 MB (  3%) committed. 

Chunk freelists:
   Non-Class:  448,00 KB
       Class:  11,72 MB
        Both:  12,16 MB

MaxMetaspaceSize: unlimited
CompressedClassSpaceSize: 1,00 GB
Initial GC threshold: 21,00 MB
Current GC threshold: 35,44 MB
CDS: on
 - commit_granule_bytes: 65536.
 - commit_granule_words: 8192.
 - virtual_space_node_default_size: 8388608.
 - enlarge_chunks_in_place: 1.
UseCompressedClassPointers 1, UseCompactObjectHeaders 0
Narrow klass pointer bits 32, Max shift 3
Narrow klass base: 0x000000004c000000, Narrow klass shift: 0
Encoding Range: [0x000000004c000000 - 0x000000014c000000), (4294967296 bytes)
Klass Range:    [0x000000004c000000 - 0x000000008d000000), (1090519040 bytes)
Klass ID Range:  [8 - 1090519033) (1090519025)
Protection zone: [0x000000004c000000 - 0x000000004c001000), (4096 bytes)


Internal statistics:

num_allocs_failed_limit: 6.
num_arena_births: 476.
num_arena_deaths: 0.
num_vsnodes_births: 2.
num_vsnodes_deaths: 0.
num_space_committed: 567.
num_space_uncommitted: 0.
num_chunks_returned_to_freelist: 6.
num_chunks_taken_from_freelist: 1946.
num_chunk_merges: 6.
num_chunk_splits: 1228.
num_chunks_enlarged: 737.
num_inconsistent_stats: 0.

CodeHeap 'non-profiled nmethods': size=120032Kb used=1509Kb max_used=1509Kb free=118522Kb
 bounds [0x00007f9c5b8c8000, 0x00007f9c5bb38000, 0x00007f9c62e00000]
CodeHeap 'profiled nmethods': size=120028Kb used=7365Kb max_used=7365Kb free=112663Kb
 bounds [0x00007f9c53e00000, 0x00007f9c54540000, 0x00007f9c5b337000]
CodeHeap 'non-nmethods': size=5700Kb used=1623Kb max_used=1664Kb free=4076Kb
 bounds [0x00007f9c5b337000, 0x00007f9c5b5a7000, 0x00007f9c5b8c8000]
CodeCache: size=245760Kb, used=10497Kb, max_used=10538Kb, free=235261Kb
 total_blobs=5194, nmethods=4541, adapters=558, full_count=0
Compilation: enabled, stopped_count=0, restarted_count=0

Compilation events (20 events):
Event: 10,528 Thread 0x00007f9c6c13d210 nmethod 4585 0x00007f9c5452f308 code [0x00007f9c5452f400, 0x00007f9c5452f518]
Event: 10,528 Thread 0x00007f9c6c13d210 4586       2       java.lang.Class::getInterfaces (40 bytes)
Event: 10,529 Thread 0x00007f9c6c13d210 nmethod 4586 0x00007f9c5452f608 code [0x00007f9c5452f700, 0x00007f9c5452f960]
Event: 10,529 Thread 0x00007f9c6c13d210 4587       2       jdk.internal.classfile.impl.DirectCodeBuilder::newLabel (10 bytes)
Event: 10,530 Thread 0x00007f9c6c13d210 nmethod 4587 0x00007f9c5452f988 code [0x00007f9c5452fa80, 0x00007f9c5452fc20]
Event: 10,530 Thread 0x00007f9c6c13d210 4588       2       jdk.internal.classfile.impl.DirectCodeBuilder::labelBinding (11 bytes)
Event: 10,530 Thread 0x00007f9c6c13d210 nmethod 4588 0x00007f9c5452fc88 code [0x00007f9c5452fd80, 0x00007f9c5452feb0]
Event: 10,530 Thread 0x00007f9c6c13d210 4591       2       jdk.internal.classfile.impl.DirectCodeBuilder::with (9 bytes)
Event: 10,531 Thread 0x00007f9c6c13d210 nmethod 4591 0x00007f9c5452ff88 code [0x00007f9c54530080, 0x00007f9c545303f8]
Event: 10,531 Thread 0x00007f9c6c13d210 4592       2       jdk.internal.classfile.impl.DirectCodeBuilder::with (33 bytes)
Event: 10,532 Thread 0x00007f9c6c13d210 nmethod 4592 0x00007f9c54530408 code [0x00007f9c54530500, 0x00007f9c54530828]
Event: 10,532 Thread 0x00007f9c6c13d210 4589       2       java.lang.reflect.ProxyGenerator$ProxyMethod::parameterTypes (8 bytes)
Event: 10,532 Thread 0x00007f9c6c13d210 nmethod 4589 0x00007f9c54530888 code [0x00007f9c54530980, 0x00007f9c54530a80]
Event: 10,532 Thread 0x00007f9c6c13d210 4593       2       java.lang.classfile.attribute.StackMapFrameInfo::of (14 bytes)
Event: 10,533 Thread 0x00007f9c6c13d210 nmethod 4593 0x00007f9c54530b88 code [0x00007f9c54530c80, 0x00007f9c54530df0]
Event: 10,533 Thread 0x00007f9c6c13d210 4594       2       jdk.internal.classfile.impl.StackMapDecoder$StackMapFrameImpl::<init> (43 bytes)
Event: 10,534 Thread 0x00007f9c6c13d210 nmethod 4594 0x00007f9c54530e88 code [0x00007f9c54530f80, 0x00007f9c545313c0]
Event: 10,534 Thread 0x00007f9c6c13d210 4598       2       jdk.internal.classfile.impl.StackCounter::<init> (2420 bytes)
Event: 10,553 Thread 0x00007f9c0cb21110 nmethod 4457 0x00007f9c5ba40508 code [0x00007f9c5ba40600, 0x00007f9c5ba41440]
Event: 10,553 Thread 0x00007f9c0cb21110 4489       4       com.google.gson.stream.JsonReader::nextNonWhitespace (357 bytes)

GC Heap Usage History (7 events):
Event: 4,440 {heap Before GC invocations=0 (full 0):
 garbage-first heap   total reserved 3999744K, committed 1050624K, used 52368K [0x000000070be00000, 0x0000000800000000)
  region size 2M, 25 eden (50M), 0 survivor (0M), 1 old (2M), 0 humongous (0M), 487 free (974M)
}
Event: 4,467 {heap After GC invocations=1 (full 0):
 garbage-first heap   total reserved 3999744K, committed 1050624K, used 7504K [0x000000070be00000, 0x0000000800000000)
  region size 2M, 0 eden (0M), 4 survivor (8M), 1 old (2M), 0 humongous (0M), 508 free (1016M)
}
Event: 6,082 {heap Before GC invocations=1 (full 0):
 garbage-first heap   total reserved 3999744K, committed 1050624K, used 54608K [0x000000070be00000, 0x0000000800000000)
  region size 2M, 23 eden (46M), 4 survivor (8M), 1 old (2M), 0 humongous (0M), 485 free (970M)
}
Event: 6,111 {heap After GC invocations=2 (full 0):
 garbage-first heap   total reserved 3999744K, committed 1050624K, used 11016K [0x000000070be00000, 0x0000000800000000)
  region size 2M, 0 eden (0M), 2 survivor (4M), 4 old (8M), 0 humongous (0M), 507 free (1014M)
}
Event: 8,584 {heap Before GC invocations=2 (full 0):
 garbage-first heap   total reserved 3999744K, committed 1050624K, used 90888K [0x000000070be00000, 0x0000000800000000)
  region size 2M, 40 eden (80M), 2 survivor (4M), 4 old (8M), 0 humongous (0M), 467 free (934M)
}
Event: 8,598 {heap After GC invocations=3 (full 0):
 garbage-first heap   total reserved 3999744K, committed 1050624K, used 13916K [0x000000070be00000, 0x0000000800000000)
  region size 2M, 0 eden (0M), 4 survivor (8M), 4 old (8M), 0 humongous (0M), 505 free (1010M)
}
Event: 10,557 {heap Before GC invocations=4 (full 0):
 garbage-first heap   total reserved 3999744K, committed 1050624K, used 151132K [0x000000070be00000, 0x0000000800000000)
  region size 2M, 69 eden (138M), 4 survivor (8M), 4 old (8M), 0 humongous (0M), 436 free (872M)
}

Metaspace Usage History (7 events):
Event: 4,440 {metaspace Before GC invocations=0 (full 0):
 Metaspace       used 7694K, committed 8000K, reserved 1114112K
  class space    used 773K, committed 896K, reserved 1048576K
}
Event: 4,467 {metaspace After GC invocations=1 (full 0):
 Metaspace       used 7694K, committed 8000K, reserved 1114112K
  class space    used 773K, committed 896K, reserved 1048576K
}
Event: 6,082 {metaspace Before GC invocations=1 (full 0):
 Metaspace       used 10745K, committed 11136K, reserved 1114112K
  class space    used 1119K, committed 1280K, reserved 1048576K
}
Event: 6,111 {metaspace After GC invocations=2 (full 0):
 Metaspace       used 10745K, committed 11136K, reserved 1114112K
  class space    used 1119K, committed 1280K, reserved 1048576K
}
Event: 8,584 {metaspace Before GC invocations=2 (full 0):
 Metaspace       used 20833K, committed 21504K, reserved 1114112K
  class space    used 2181K, committed 2496K, reserved 1048576K
}
Event: 8,598 {metaspace After GC invocations=3 (full 0):
 Metaspace       used 20833K, committed 21504K, reserved 1114112K
  class space    used 2181K, committed 2496K, reserved 1048576K
}
Event: 10,557 {metaspace Before GC invocations=4 (full 0):
 Metaspace       used 35302K, committed 36288K, reserved 1114112K
  class space    used 3769K, committed 4224K, reserved 1048576K
}

Dll operation events (20 events):
Event: 0,005 Attempting to load shared library /usr/lib/jvm/java-26-openjdk/lib/libjava.so
Event: 0,005 Loaded shared library /usr/lib/jvm/java-26-openjdk/lib/libjava.so
Event: 0,070 Attempting to load shared library /usr/lib/jvm/java-26-openjdk/lib/libsimdsort.so
Event: 0,070 Loaded shared library /usr/lib/jvm/java-26-openjdk/lib/libsimdsort.so
Event: 0,238 Attempting to load shared library /usr/lib/jvm/java-26-openjdk/lib/libzip.so
Event: 0,238 Loaded shared library /usr/lib/jvm/java-26-openjdk/lib/libzip.so
Event: 0,244 Attempting to load shared library /usr/lib/jvm/java-26-openjdk/lib/libinstrument.so
Event: 0,244 Loaded shared library /usr/lib/jvm/java-26-openjdk/lib/libinstrument.so
Event: 0,252 Attempting to load shared library /usr/lib/jvm/java-26-openjdk/lib/libnio.so
Event: 0,253 Loaded shared library /usr/lib/jvm/java-26-openjdk/lib/libnio.so
Event: 0,273 Attempting to load shared library /usr/lib/jvm/java-26-openjdk/lib/libzip.so
Event: 0,273 Loaded shared library /usr/lib/jvm/java-26-openjdk/lib/libzip.so
Event: 0,452 Attempting to load shared library /usr/lib/jvm/java-26-openjdk/lib/libjimage.so
Event: 0,452 Loaded shared library /usr/lib/jvm/java-26-openjdk/lib/libjimage.so
Event: 0,865 Attempting to load shared library /usr/lib/jvm/java-26-openjdk/lib/libverify.so
Event: 0,866 Loaded shared library /usr/lib/jvm/java-26-openjdk/lib/libverify.so
Event: 1,257 Attempting to load shared library /usr/lib/jvm/java-26-openjdk/lib/libnet.so
Event: 1,257 Loaded shared library /usr/lib/jvm/java-26-openjdk/lib/libnet.so
Event: 4,705 Attempting to load shared library /home/matthias/.cache/nvim/jdtls/studium/config/org.eclipse.equinox.launcher/org.eclipse.equinox.launcher.gtk.linux.x86_64_1.2.1500.v20250801-0854/eclipse_11916.so
Event: 4,706 Loaded shared library /home/matthias/.cache/nvim/jdtls/studium/config/org.eclipse.equinox.launcher/org.eclipse.equinox.launcher.gtk.linux.x86_64_1.2.1500.v20250801-0854/eclipse_11916.so

Deoptimization events (20 events):
Event: 10,109 Thread 0x00007f9c6c01bf80 Uncommon trap: reason=unstable_if action=reinterpret pc=0x00007f9c5ba01634 method=java.util.concurrent.locks.ReentrantReadWriteLock$Sync.tryAcquireShared(J)J @ 92 c2
Event: 10,109 Thread 0x00007f9c6c01bf80 DEOPT PACKING pc=0x00007f9c5ba01634 sp=0x00007f9c711f67b0
Event: 10,109 Thread 0x00007f9bc00083d0 DEOPT UNPACKING pc=0x00007f9c5b45ac79 sp=0x00007f9c35fe1358 mode 2
Event: 10,109 Thread 0x00007f9c6c01bf80 DEOPT UNPACKING pc=0x00007f9c5b45ac79 sp=0x00007f9c711f66d8 mode 2
Event: 10,109 Thread 0x00007f9bc00083d0 Uncommon trap: trap_request=0xffffff45 fr.pc=0x00007f9c5ba01f24 relative=0x0000000000000124
Event: 10,109 Thread 0x00007f9c6c01bf80 Uncommon trap: trap_request=0xffffff45 fr.pc=0x00007f9c5ba01f24 relative=0x0000000000000124
Event: 10,109 Thread 0x00007f9bc00083d0 Uncommon trap: reason=unstable_if action=reinterpret pc=0x00007f9c5ba01f24 method=java.util.concurrent.locks.ReentrantReadWriteLock$Sync.tryReleaseShared(J)Z @ 9 c2
Event: 10,109 Thread 0x00007f9c6c01bf80 Uncommon trap: reason=unstable_if action=reinterpret pc=0x00007f9c5ba01f24 method=java.util.concurrent.locks.ReentrantReadWriteLock$Sync.tryReleaseShared(J)Z @ 9 c2
Event: 10,109 Thread 0x00007f9bc00083d0 DEOPT PACKING pc=0x00007f9c5ba01f24 sp=0x00007f9c35fe1440
Event: 10,109 Thread 0x00007f9c6c01bf80 DEOPT PACKING pc=0x00007f9c5ba01f24 sp=0x00007f9c711f67c0
Event: 10,109 Thread 0x00007f9c6c01bf80 DEOPT UNPACKING pc=0x00007f9c5b45ac79 sp=0x00007f9c711f6748 mode 2
Event: 10,109 Thread 0x00007f9bc00083d0 DEOPT UNPACKING pc=0x00007f9c5b45ac79 sp=0x00007f9c35fe13c8 mode 2
Event: 10,167 Thread 0x00007f9bd41e2560 Uncommon trap: trap_request=0xffffff45 fr.pc=0x00007f9c5ba2f2fc relative=0x0000000000000e7c
Event: 10,167 Thread 0x00007f9bd41e2560 Uncommon trap: reason=unstable_if action=reinterpret pc=0x00007f9c5ba2f2fc method=sun.nio.cs.StreamDecoder.read0()I @ 39 c2
Event: 10,167 Thread 0x00007f9bd41e2560 DEOPT PACKING pc=0x00007f9c5ba2f2fc sp=0x00007f9c362e83e0
Event: 10,167 Thread 0x00007f9bd41e2560 DEOPT UNPACKING pc=0x00007f9c5b45ac79 sp=0x00007f9c362e8350 mode 2
Event: 10,320 Thread 0x00007f9bbc000f20 DEOPT PACKING pc=0x00007f9c544f8473 sp=0x00007f9c35ce3180
Event: 10,320 Thread 0x00007f9bbc000f20 DEOPT UNPACKING pc=0x00007f9c5b3882ef sp=0x00007f9c35ce26a8 mode 0
Event: 10,402 Thread 0x00007f9bd41e2560 DEOPT PACKING pc=0x00007f9c545047e8 sp=0x00007f9c362e86e0
Event: 10,402 Thread 0x00007f9bd41e2560 DEOPT UNPACKING pc=0x00007f9c5b3882ef sp=0x00007f9c362e7b70 mode 0

Classes loaded (20 events):
Event: 10,260 Loading class sun/reflect/generics/scope/MethodScope
Event: 10,260 Loading class sun/reflect/generics/scope/MethodScope done
Event: 10,260 Loading class sun/reflect/generics/repository/MethodRepository
Event: 10,260 Loading class sun/reflect/generics/repository/ConstructorRepository
Event: 10,260 Loading class sun/reflect/generics/repository/ConstructorRepository done
Event: 10,261 Loading class sun/reflect/generics/repository/MethodRepository done
Event: 10,261 Loading class sun/reflect/generics/tree/MethodTypeSignature
Event: 10,261 Loading class sun/reflect/generics/tree/MethodTypeSignature done
Event: 10,280 Loading class jdk/internal/vm/annotation/IntrinsicCandidate
Event: 10,281 Loading class jdk/internal/vm/annotation/IntrinsicCandidate done
Event: 10,370 Loading class sun/reflect/generics/tree/BottomSignature
Event: 10,371 Loading class sun/reflect/generics/tree/BottomSignature done
Event: 10,371 Loading class sun/reflect/generics/tree/Wildcard
Event: 10,371 Loading class sun/reflect/generics/tree/Wildcard done
Event: 10,371 Loading class sun/reflect/generics/reflectiveObjects/WildcardTypeImpl
Event: 10,372 Loading class sun/reflect/generics/reflectiveObjects/WildcardTypeImpl done
Event: 10,455 Loading class sun/reflect/generics/tree/ArrayTypeSignature
Event: 10,456 Loading class sun/reflect/generics/tree/ArrayTypeSignature done
Event: 10,464 Loading class sun/reflect/generics/tree/BooleanSignature
Event: 10,464 Loading class sun/reflect/generics/tree/BooleanSignature done

Classes unloaded (0 events):
No events

Classes redefined (0 events):
No events

Internal exceptions (20 events):
Event: 9,452 Thread 0x00007f9bd41e2560 Exception <a 'java/lang/NoSuchMethodError'{0x000000074857c938}: 'java.lang.Object java.lang.invoke.Invokers$Holder.linkToTargetMethod(int, java.lang.Object, java.lang.Object, java.lang.Object, java.lang.Object)'> (0x000000074857c938) 
thrown [/usr/src/debug/java-openjdk/jdk26u-jdk-26-35/src/hotspot/share/interpreter/linkResolver.cpp, line 803]
Event: 9,519 Thread 0x00007f9bd41e2560 Exception <a 'java/lang/NoSuchMethodError'{0x00000007480c7348}: 'java.lang.Object java.lang.invoke.DirectMethodHandle$Holder.invokeSpecialIFC(java.lang.Object, java.lang.Object, java.lang.Object, java.lang.Object)'> (0x00000007480c7348) 
thrown [/usr/src/debug/java-openjdk/jdk26u-jdk-26-35/src/hotspot/share/interpreter/linkResolver.cpp, line 803]
Event: 9,528 Thread 0x00007f9c6c35e240 Exception <a 'java/lang/ClassNotFoundException'{0x00000007481128a0}: com/sun/org/apache/xerces/internal/impl/msg/spi/DOMMessagesProvider> (0x00000007481128a0) 
thrown [/usr/src/debug/java-openjdk/jdk26u-jdk-26-35/src/hotspot/share/classfile/systemDictionary.cpp, line 329]
Event: 9,532 Thread 0x00007f9c6c35e240 Exception <a 'java/lang/ClassNotFoundException'{0x000000074812a820}: com/sun/org/apache/xerces/internal/impl/msg/spi/XMLSerializerMessagesProvider> (0x000000074812a820) 
thrown [/usr/src/debug/java-openjdk/jdk26u-jdk-26-35/src/hotspot/share/classfile/systemDictionary.cpp, line 329]
Event: 9,535 Thread 0x00007f9c6c35e240 Exception <a 'java/lang/ClassNotFoundException'{0x000000074813e5f0}: com/sun/org/apache/xerces/internal/impl/msg/spi/XMLMessagesProvider> (0x000000074813e5f0) 
thrown [/usr/src/debug/java-openjdk/jdk26u-jdk-26-35/src/hotspot/share/classfile/systemDictionary.cpp, line 329]
Event: 9,813 Thread 0x00007f9c6c35e240 Exception <a 'java/lang/ClassNotFoundException'{0x0000000746dd72c0}: com/sun/org/apache/xml/internal/serializer/spi/XMLEntitiesProvider> (0x0000000746dd72c0) 
thrown [/usr/src/debug/java-openjdk/jdk26u-jdk-26-35/src/hotspot/share/classfile/systemDictionary.cpp, line 329]
Event: 9,987 Thread 0x00007f9bd41e2560 Exception <a 'java/lang/NoClassDefFoundError'{0x0000000745ce7f78}: javax/enterprise/inject/Typed> (0x0000000745ce7f78) 
thrown [/usr/src/debug/java-openjdk/jdk26u-jdk-26-35/src/hotspot/share/classfile/systemDictionary.cpp, line 318]
Event: 10,021 Thread 0x00007f9c6c35e240 Exception <a 'java/io/FileNotFoundException'{0x0000000745dcfe08}> (0x0000000745dcfe08) 
thrown [/usr/src/debug/java-openjdk/jdk26u-jdk-26-35/src/hotspot/share/prims/jni.cpp, line 514]
Event: 10,023 Thread 0x00007f9c6c35e240 Exception <a 'java/lang/NoSuchMethodError'{0x0000000745dd96c0}: 'void java.lang.invoke.DirectMethodHandle$Holder.invokeStaticInit(java.lang.Object, java.lang.Object)'> (0x0000000745dd96c0) 
thrown [/usr/src/debug/java-openjdk/jdk26u-jdk-26-35/src/hotspot/share/interpreter/linkResolver.cpp, line 803]
Event: 10,023 Thread 0x00007f9bd41e2560 Implicit null exception at 0x00007f9c5b9b2940 to 0x00007f9c5b9b2c60
Event: 10,043 Thread 0x00007f9bd41e2560 Implicit null exception at 0x00007f9c5b9ab9b3 to 0x00007f9c5b9abca0
Event: 10,044 Thread 0x00007f9c6c35e240 Exception <a 'java/io/FileNotFoundException'{0x0000000745bba000}> (0x0000000745bba000) 
thrown [/usr/src/debug/java-openjdk/jdk26u-jdk-26-35/src/hotspot/share/prims/jni.cpp, line 514]
Event: 10,059 Thread 0x00007f9c6c35e240 Exception <a 'java/io/FileNotFoundException'{0x000000074597c550}> (0x000000074597c550) 
thrown [/usr/src/debug/java-openjdk/jdk26u-jdk-26-35/src/hotspot/share/prims/jni.cpp, line 514]
Event: 10,139 Thread 0x00007f9bbc000f20 Exception <a 'java/lang/NoSuchMethodError'{0x0000000745071c98}: 'void java.lang.invoke.DirectMethodHandle$Holder.invokeStaticInit(java.lang.Object, java.lang.Object, java.lang.Object, java.lang.Object)'> (0x0000000745071c98) 
thrown [/usr/src/debug/java-openjdk/jdk26u-jdk-26-35/src/hotspot/share/interpreter/linkResolver.cpp, line 803]
Event: 10,227 Thread 0x00007f9c6c01bf80 Exception <a 'java/lang/NoSuchMethodError'{0x0000000744460b88}: 'java.lang.Object java.lang.invoke.DirectMethodHandle$Holder.invokeStatic(java.lang.Object, long, java.lang.Object)'> (0x0000000744460b88) 
thrown [/usr/src/debug/java-openjdk/jdk26u-jdk-26-35/src/hotspot/share/interpreter/linkResolver.cpp, line 803]
Event: 10,227 Thread 0x00007f9c6c01bf80 Exception <a 'java/lang/NoSuchMethodError'{0x0000000744468cb8}: 'java.lang.Object java.lang.invoke.DirectMethodHandle$Holder.invokeStaticInit(java.lang.Object, long, java.lang.Object)'> (0x0000000744468cb8) 
thrown [/usr/src/debug/java-openjdk/jdk26u-jdk-26-35/src/hotspot/share/interpreter/linkResolver.cpp, line 803]
Event: 10,229 Thread 0x00007f9c6c01bf80 Exception <a 'java/lang/NoSuchMethodError'{0x0000000744478178}: 'java.lang.Object java.lang.invoke.DirectMethodHandle$Holder.newInvokeSpecial(java.lang.Object, long)'> (0x0000000744478178) 
thrown [/usr/src/debug/java-openjdk/jdk26u-jdk-26-35/src/hotspot/share/interpreter/linkResolver.cpp, line 803]
Event: 10,509 Thread 0x00007f9c6c01bf80 Exception <a 'java/lang/NoSuchMethodError'{0x000000074309f7e0}: 'void java.lang.invoke.DirectMethodHandle$Holder.invokeSpecial(java.lang.Object, java.lang.Object, java.lang.Object, java.lang.Object, java.lang.Object, java.lang.Object)'> (0x000000074309f7e0) 
thrown [/usr/src/debug/java-openjdk/jdk26u-jdk-26-35/src/hotspot/share/interpreter/linkResolver.cpp, line 803]
Event: 10,511 Thread 0x00007f9c6c01bf80 Exception <a 'java/lang/IncompatibleClassChangeError'{0x00000007430b1228}: Found class java.lang.Object, but interface was expected> (0x00000007430b1228) 
thrown [/usr/src/debug/java-openjdk/jdk26u-jdk-26-35/src/hotspot/share/interpreter/linkResolver.cpp, line 871]
Event: 10,512 Thread 0x00007f9c6c01bf80 Exception <a 'java/lang/IncompatibleClassChangeError'{0x00000007430b2af8}: Found class java.lang.Object, but interface was expected> (0x00000007430b2af8) 
thrown [/usr/src/debug/java-openjdk/jdk26u-jdk-26-35/src/hotspot/share/interpreter/linkResolver.cpp, line 871]

VM Operations (20 events):
Event: 7,838 Executing non-safepoint VM operation: HandshakeAllThreads (Deoptimize) done
Event: 8,584 Executing safepoint VM operation: CollectForMetadataAllocation (Metadata GC Threshold)
Event: 8,598 Executing safepoint VM operation: CollectForMetadataAllocation (Metadata GC Threshold) done
Event: 8,635 Executing safepoint VM operation: G1PauseRemark
Event: 8,641 Executing safepoint VM operation: G1PauseRemark done
Event: 8,657 Executing safepoint VM operation: G1PauseCleanup
Event: 8,657 Executing safepoint VM operation: G1PauseCleanup done
Event: 9,455 Executing non-safepoint VM operation: HandshakeAllThreads (Deoptimize)
Event: 9,455 Executing non-safepoint VM operation: HandshakeAllThreads (Deoptimize) done
Event: 9,469 Executing non-safepoint VM operation: HandshakeAllThreads (Deoptimize)
Event: 9,469 Executing non-safepoint VM operation: HandshakeAllThreads (Deoptimize) done
Event: 9,667 Executing non-safepoint VM operation: HandshakeAllThreads (Deoptimize)
Event: 9,669 Executing non-safepoint VM operation: HandshakeAllThreads (Deoptimize) done
Event: 9,673 Executing non-safepoint VM operation: HandshakeAllThreads (Deoptimize)
Event: 9,674 Executing non-safepoint VM operation: HandshakeAllThreads (Deoptimize) done
Event: 9,967 Executing non-safepoint VM operation: HandshakeAllThreads (Deoptimize)
Event: 9,967 Executing non-safepoint VM operation: HandshakeAllThreads (Deoptimize) done
Event: 10,522 Executing non-safepoint VM operation: HandshakeAllThreads (Deoptimize)
Event: 10,522 Executing non-safepoint VM operation: HandshakeAllThreads (Deoptimize) done
Event: 10,557 Executing safepoint VM operation: CollectForMetadataAllocation (Metadata GC Threshold)

Memory protections (20 events):
Event: 3,525 Protecting memory [0x00007f9c36ef8000,0x00007f9c36efc000] with protection modes 0
Event: 4,107 Protecting memory [0x00007f9c36df7000,0x00007f9c36dfb000] with protection modes 0
Event: 4,661 Protecting memory [0x00007f9c366f0000,0x00007f9c366f4000] with protection modes 0
Event: 4,676 Protecting memory [0x00007f9c365ef000,0x00007f9c365f3000] with protection modes 0
Event: 4,688 Protecting memory [0x00007f9c364ee000,0x00007f9c364f2000] with protection modes 0
Event: 5,111 Protecting memory [0x00007f9c36ff9000,0x00007f9c36ffd000] with protection modes 0
Event: 5,121 Protecting memory [0x00007f9c366f0000,0x00007f9c366f4000] with protection modes 0
Event: 5,559 Protecting memory [0x00007f9c363ed000,0x00007f9c363f1000] with protection modes 0
Event: 6,214 Protecting memory [0x00007f9c36ff9000,0x00007f9c36ffd000] with protection modes 0
Event: 6,985 Protecting memory [0x00007f9c366f0000,0x00007f9c366f4000] with protection modes 0
Event: 7,333 Protecting memory [0x00007f9c362ec000,0x00007f9c362f0000] with protection modes 0
Event: 7,519 Protecting memory [0x00007f9c361eb000,0x00007f9c361ef000] with protection modes 0
Event: 7,563 Protecting memory [0x00007f9c360ea000,0x00007f9c360ee000] with protection modes 0
Event: 9,430 Protecting memory [0x00007f9c35ee8000,0x00007f9c35eec000] with protection modes 0
Event: 9,482 Protecting memory [0x00007f9c35de7000,0x00007f9c35deb000] with protection modes 0
Event: 9,582 Protecting memory [0x00007f9c35ce6000,0x00007f9c35cea000] with protection modes 0
Event: 9,583 Protecting memory [0x00007f9c35be5000,0x00007f9c35be9000] with protection modes 0
Event: 10,108 Protecting memory [0x00007f9c35ae4000,0x00007f9c35ae8000] with protection modes 0
Event: 10,204 Protecting memory [0x00007f9c359e3000,0x00007f9c359e7000] with protection modes 0
Event: 10,234 Protecting memory [0x00007f9c358e2000,0x00007f9c358e6000] with protection modes 0

Nmethod flushes (0 events):
No events

Events (20 events):
Event: 4,687 Thread 0x00007f9c6c01bf80 Thread added: 0x00007f9c6c35e240
Event: 4,900 Thread 0x00007f9c0c6095e0 Thread exited: 0x00007f9c0c6095e0
Event: 4,919 Thread 0x00007f9c0c0e2ef0 Thread exited: 0x00007f9c0c0e2ef0
Event: 5,110 Thread 0x00007f9c6c13b840 Thread added: 0x00007f9c082ef1e0
Event: 5,121 Thread 0x00007f9c6c13d210 Thread added: 0x00007f9c0c63a410
Event: 5,557 Thread 0x00007f9c6c35e240 Thread added: 0x00007f9bd43fb280
Event: 6,077 Thread 0x00007f9c0c63a410 Thread exited: 0x00007f9c0c63a410
Event: 6,077 Thread 0x00007f9c082ef1e0 Thread exited: 0x00007f9c082ef1e0
Event: 6,210 Thread 0x00007f9c6c35e240 Thread added: 0x00007f9bd448a4c0
Event: 6,985 Thread 0x00007f9c6c35e240 Thread added: 0x00007f9bd428ce50
Event: 7,333 Thread 0x00007f9c6c13d210 Thread added: 0x00007f9c0c39c2a0
Event: 7,518 Thread 0x00007f9c6c35e240 Thread added: 0x00007f9bd41e2560
Event: 7,563 Thread 0x00007f9c6c35e240 Thread added: 0x00007f9bd41ebc90
Event: 9,430 Thread 0x00007f9bd41e2560 Thread added: 0x00007f9bc00083d0
Event: 9,482 Thread 0x00007f9c6c13d210 Thread added: 0x00007f9c0cb21110
Event: 9,581 Thread 0x00007f9c6c35e240 Thread added: 0x00007f9bd456aa20
Event: 9,583 Thread 0x00007f9bc00083d0 Thread added: 0x00007f9bbc000f20
Event: 10,107 Thread 0x00007f9bbc000f20 Thread added: 0x00007f9ba8000f20
Event: 10,204 Thread 0x00007f9ba8000f20 Thread added: 0x00007f9bac000f20
Event: 10,233 Thread 0x00007f9c6c01bf80 Thread added: 0x00007f9c6c3836b0


Dynamic libraries:
4c000000-4c001000 ---p 00000000 00:00 0 
4c001000-4cda6000 rw-p 00001000 00:1c 1668312                            /usr/lib/jvm/java-26-openjdk/lib/server/classes.jsa
4cda6000-4d000000 ---p 00000000 00:00 0 
4d000000-4d040000 rw-p 00000000 00:00 0 
4d040000-4d0c0000 rw-p 00000000 00:00 0 
4d0c0000-4d100000 rw-p 00000000 00:00 0 
4d100000-4d1c0000 rw-p 00000000 00:00 0 
4d1c0000-4d200000 rw-p 00000000 00:00 0 
4d200000-4d3d0000 rw-p 00000000 00:00 0 
4d3d0000-4d400000 ---p 00000000 00:00 0 
4d400000-4d450000 rw-p 00000000 00:00 0 
4d450000-8d000000 ---p 00000000 00:00 0 
70be00000-74be00000 rw-p 00000000 00:00 0 
74be00000-7ffe00000 ---p 00000000 00:00 0 
7ffe00000-7fff25000 rw-p 00ddb000 00:1c 1668312                          /usr/lib/jvm/java-26-openjdk/lib/server/classes.jsa
7fff25000-800000000 rw-p 00000000 00:00 0 
55b2c4bf7000-55b2c4bf8000 r--p 00000000 00:1c 1668040                    /usr/lib/jvm/java-26-openjdk/bin/java
55b2c4bf8000-55b2c4bf9000 r-xp 00001000 00:1c 1668040                    /usr/lib/jvm/java-26-openjdk/bin/java
55b2c4bf9000-55b2c4bfa000 r--p 00002000 00:1c 1668040                    /usr/lib/jvm/java-26-openjdk/bin/java
55b2c4bfa000-55b2c4bfb000 r--p 00002000 00:1c 1668040                    /usr/lib/jvm/java-26-openjdk/bin/java
55b2c4bfb000-55b2c4bfc000 rw-p 00003000 00:1c 1668040                    /usr/lib/jvm/java-26-openjdk/bin/java
55b2c88cb000-55b2c8913000 rw-p 00000000 00:00 0                          [heap]
7f9ba0000000-7f9ba0021000 rw-p 00000000 00:00 0 
7f9ba0021000-7f9ba4000000 ---p 00000000 00:00 0 
7f9ba4000000-7f9ba4021000 rw-p 00000000 00:00 0 
7f9ba4021000-7f9ba8000000 ---p 00000000 00:00 0 
7f9ba8000000-7f9ba809c000 rw-p 00000000 00:00 0 
7f9ba809c000-7f9bac000000 ---p 00000000 00:00 0 
7f9bac000000-7f9bac021000 rw-p 00000000 00:00 0 
7f9bac021000-7f9bb0000000 ---p 00000000 00:00 0 
7f9bb0000000-7f9bb0ec7000 rw-p 00000000 00:00 0 
7f9bb0ec7000-7f9bb4000000 ---p 00000000 00:00 0 
7f9bb4000000-7f9bb4021000 rw-p 00000000 00:00 0 
7f9bb4021000-7f9bb8000000 ---p 00000000 00:00 0 
7f9bb8000000-7f9bb8021000 rw-p 00000000 00:00 0 
7f9bb8021000-7f9bbc000000 ---p 00000000 00:00 0 
7f9bbc000000-7f9bbc036000 rw-p 00000000 00:00 0 
7f9bbc036000-7f9bc0000000 ---p 00000000 00:00 0 
7f9bc0000000-7f9bc02f9000 rw-p 00000000 00:00 0 
7f9bc02f9000-7f9bc4000000 ---p 00000000 00:00 0 
7f9bc4000000-7f9bc4021000 rw-p 00000000 00:00 0 
7f9bc4021000-7f9bc8000000 ---p 00000000 00:00 0 
7f9bc8000000-7f9bc8021000 rw-p 00000000 00:00 0 
7f9bc8021000-7f9bcc000000 ---p 00000000 00:00 0 
7f9bcc000000-7f9bcd8b7000 rw-p 00000000 00:00 0 
7f9bcd8b7000-7f9bd0000000 ---p 00000000 00:00 0 
7f9bd0000000-7f9bd0021000 rw-p 00000000 00:00 0 
7f9bd0021000-7f9bd4000000 ---p 00000000 00:00 0 
7f9bd4000000-7f9bd49ad000 rw-p 00000000 00:00 0 
7f9bd49ad000-7f9bd8000000 ---p 00000000 00:00 0 
7f9bd8000000-7f9bd8021000 rw-p 00000000 00:00 0 
7f9bd8021000-7f9bdc000000 ---p 00000000 00:00 0 
7f9bdc000000-7f9bdc5ce000 rw-p 00000000 00:00 0 
7f9bdc5ce000-7f9be0000000 ---p 00000000 00:00 0 
7f9be0000000-7f9be0021000 rw-p 00000000 00:00 0 
7f9be0021000-7f9be4000000 ---p 00000000 00:00 0 
7f9be4000000-7f9be4021000 rw-p 00000000 00:00 0 
7f9be4021000-7f9be8000000 ---p 00000000 00:00 0 
7f9be8000000-7f9be8021000 rw-p 00000000 00:00 0 
7f9be8021000-7f9bec000000 ---p 00000000 00:00 0 
7f9bec000000-7f9bec021000 rw-p 00000000 00:00 0 
7f9bec021000-7f9bf0000000 ---p 00000000 00:00 0 
7f9bf0000000-7f9bf0021000 rw-p 00000000 00:00 0 
7f9bf0021000-7f9bf4000000 ---p 00000000 00:00 0 
7f9bf4000000-7f9bf4021000 rw-p 00000000 00:00 0 
7f9bf4021000-7f9bf8000000 ---p 00000000 00:00 0 
7f9bf8000000-7f9bf87b0000 rw-p 00000000 00:00 0 
7f9bf87b0000-7f9bfc000000 ---p 00000000 00:00 0 
7f9bfc000000-7f9bfc6c2000 rw-p 00000000 00:00 0 
7f9bfc6c2000-7f9c00000000 ---p 00000000 00:00 0 
7f9c00000000-7f9c0016c000 rw-p 00000000 00:00 0 
7f9c0016c000-7f9c04000000 ---p 00000000 00:00 0 
7f9c04000000-7f9c04021000 rw-p 00000000 00:00 0 
7f9c04021000-7f9c08000000 ---p 00000000 00:00 0 
7f9c08000000-7f9c092bf000 rw-p 00000000 00:00 0 
7f9c092bf000-7f9c0c000000 ---p 00000000 00:00 0 
7f9c0c000000-7f9c0ce6b000 rw-p 00000000 00:00 0 
7f9c0ce6b000-7f9c10000000 ---p 00000000 00:00 0 
7f9c10000000-7f9c10021000 rw-p 00000000 00:00 0 
7f9c10021000-7f9c14000000 ---p 00000000 00:00 0 
7f9c14000000-7f9c14021000 rw-p 00000000 00:00 0 
7f9c14021000-7f9c18000000 ---p 00000000 00:00 0 
7f9c18000000-7f9c18021000 rw-p 00000000 00:00 0 
7f9c18021000-7f9c1c000000 ---p 00000000 00:00 0 
7f9c1c000000-7f9c1c021000 rw-p 00000000 00:00 0 
7f9c1c021000-7f9c20000000 ---p 00000000 00:00 0 
7f9c20000000-7f9c20400000 rw-p 00000000 00:00 0 
7f9c20400000-7f9c20700000 rw-p 00000000 00:00 0 
7f9c20700000-7f9c20800000 rw-p 00000000 00:00 0 
7f9c20800000-7f9c20980000 rw-p 00000000 00:00 0 
7f9c20980000-7f9c20b00000 rw-p 00000000 00:00 0 
7f9c20b00000-7f9c20c00000 rw-p 00000000 00:00 0 
7f9c20c00000-7f9c21180000 rw-p 00000000 00:00 0 
7f9c21180000-7f9c21200000 rw-p 00000000 00:00 0 
7f9c21200000-7f9c21900000 rw-p 00000000 00:00 0 
7f9c21900000-7f9c21a00000 rw-p 00000000 00:00 0 
7f9c21a00000-7f9c21d80000 rw-p 00000000 00:00 0 
7f9c21d80000-7f9c21dc0000 rw-p 00000000 00:00 0 
7f9c21dc0000-7f9c21e00000 ---p 00000000 00:00 0 
7f9c21e00000-7f9c21f90000 rw-p 00000000 00:00 0 
7f9c21f90000-7f9c24000000 ---p 00000000 00:00 0 
7f9c24000000-7f9c24021000 rw-p 00000000 00:00 0 
7f9c24021000-7f9c28000000 ---p 00000000 00:00 0 
7f9c28000000-7f9c28021000 rw-p 00000000 00:00 0 
7f9c28021000-7f9c2c000000 ---p 00000000 00:00 0 
7f9c2c000000-7f9c2c021000 rw-p 00000000 00:00 0 
7f9c2c021000-7f9c30000000 ---p 00000000 00:00 0 
7f9c30000000-7f9c30021000 rw-p 00000000 00:00 0 
7f9c30021000-7f9c34000000 ---p 00000000 00:00 0 
7f9c358e1000-7f9c358e2000 rw-p 00000000 00:00 0 
7f9c358e2000-7f9c358e6000 ---p 00000000 00:00 0 
7f9c358e6000-7f9c359e3000 rw-p 00000000 00:00 0 
7f9c359e3000-7f9c359e7000 ---p 00000000 00:00 0 
7f9c359e7000-7f9c35ae4000 rw-p 00000000 00:00 0 
7f9c35ae4000-7f9c35ae8000 ---p 00000000 00:00 0 
7f9c35ae8000-7f9c35be5000 rw-p 00000000 00:00 0 
7f9c35be5000-7f9c35be9000 ---p 00000000 00:00 0 
7f9c35be9000-7f9c35ce6000 rw-p 00000000 00:00 0 
7f9c35ce6000-7f9c35cea000 ---p 00000000 00:00 0 
7f9c35cea000-7f9c35de7000 rw-p 00000000 00:00 0 
7f9c35de7000-7f9c35deb000 ---p 00000000 00:00 0 
7f9c35deb000-7f9c35ee8000 rw-p 00000000 00:00 0 
7f9c35ee8000-7f9c35eec000 ---p 00000000 00:00 0 
7f9c35eec000-7f9c360ea000 rw-p 00000000 00:00 0 
7f9c360ea000-7f9c360ee000 ---p 00000000 00:00 0 
7f9c360ee000-7f9c361eb000 rw-p 00000000 00:00 0 
7f9c361eb000-7f9c361ef000 ---p 00000000 00:00 0 
7f9c361ef000-7f9c362ec000 rw-p 00000000 00:00 0 
7f9c362ec000-7f9c362f0000 ---p 00000000 00:00 0 
7f9c362f0000-7f9c363ed000 rw-p 00000000 00:00 0 
7f9c363ed000-7f9c363f1000 ---p 00000000 00:00 0 
7f9c363f1000-7f9c364ee000 rw-p 00000000 00:00 0 
7f9c364ee000-7f9c364f2000 ---p 00000000 00:00 0 
7f9c364f2000-7f9c365ef000 rw-p 00000000 00:00 0 
7f9c365ef000-7f9c365f3000 ---p 00000000 00:00 0 
7f9c365f3000-7f9c366f0000 rw-p 00000000 00:00 0 
7f9c366f0000-7f9c366f4000 ---p 00000000 00:00 0 
7f9c366f4000-7f9c36df7000 rw-p 00000000 00:00 0 
7f9c36df7000-7f9c36dfb000 ---p 00000000 00:00 0 
7f9c36dfb000-7f9c36ef8000 rw-p 00000000 00:00 0 
7f9c36ef8000-7f9c36efc000 ---p 00000000 00:00 0 
7f9c36efc000-7f9c36ff9000 rw-p 00000000 00:00 0 
7f9c36ff9000-7f9c36ffd000 ---p 00000000 00:00 0 
7f9c36ffd000-7f9c370fa000 rw-p 00000000 00:00 0 
7f9c370fa000-7f9c370fe000 ---p 00000000 00:00 0 
7f9c370fe000-7f9c371fb000 rw-p 00000000 00:00 0 
7f9c371fb000-7f9c371ff000 ---p 00000000 00:00 0 
7f9c371ff000-7f9c372fc000 rw-p 00000000 00:00 0 
7f9c372fc000-7f9c37300000 ---p 00000000 00:00 0 
7f9c37300000-7f9c373fd000 rw-p 00000000 00:00 0 
7f9c373fd000-7f9c37401000 ---p 00000000 00:00 0 
7f9c37401000-7f9c374fe000 rw-p 00000000 00:00 0 
7f9c374fe000-7f9c37502000 ---p 00000000 00:00 0 
7f9c37502000-7f9c375ff000 rw-p 00000000 00:00 0 
7f9c375ff000-7f9c37603000 ---p 00000000 00:00 0 
7f9c37603000-7f9c37700000 rw-p 00000000 00:00 0 
7f9c37700000-7f9c37704000 ---p 00000000 00:00 0 
7f9c37704000-7f9c37800000 rw-p 00000000 00:00 0 
7f9c37800000-7f9c37b48000 r--p 00000000 00:1c 1782857                    /usr/lib/locale/locale-archive
7f9c37bfc000-7f9c37bfd000 rw-p 00000000 00:00 0 
7f9c37bfd000-7f9c37c01000 ---p 00000000 00:00 0 
7f9c37c01000-7f9c37cfe000 rw-p 00000000 00:00 0 
7f9c37cfe000-7f9c37d02000 ---p 00000000 00:00 0 
7f9c37d02000-7f9c38000000 rw-p 00000000 00:00 0 
7f9c38000000-7f9c38021000 rw-p 00000000 00:00 0 
7f9c38021000-7f9c3c000000 ---p 00000000 00:00 0 
7f9c3c000000-7f9c3c021000 rw-p 00000000 00:00 0 
7f9c3c021000-7f9c40000000 ---p 00000000 00:00 0 
7f9c40000000-7f9c40021000 rw-p 00000000 00:00 0 
7f9c40021000-7f9c44000000 ---p 00000000 00:00 0 
7f9c44000000-7f9c44021000 rw-p 00000000 00:00 0 
7f9c44021000-7f9c48000000 ---p 00000000 00:00 0 
7f9c48000000-7f9c48021000 rw-p 00000000 00:00 0 
7f9c48021000-7f9c4c000000 ---p 00000000 00:00 0 
7f9c4c058000-7f9c4c059000 r--p 00000000 00:1c 1668299                    /usr/lib/jvm/java-26-openjdk/lib/libsimdsort.so
7f9c4c059000-7f9c4c094000 r-xp 00001000 00:1c 1668299                    /usr/lib/jvm/java-26-openjdk/lib/libsimdsort.so
7f9c4c094000-7f9c4c09a000 r--p 0003c000 00:1c 1668299                    /usr/lib/jvm/java-26-openjdk/lib/libsimdsort.so
7f9c4c09a000-7f9c4c09b000 r--p 00041000 00:1c 1668299                    /usr/lib/jvm/java-26-openjdk/lib/libsimdsort.so
7f9c4c09b000-7f9c4c09c000 rw-p 00042000 00:1c 1668299                    /usr/lib/jvm/java-26-openjdk/lib/libsimdsort.so
7f9c4c09c000-7f9c4c0f7000 rw-p 00000000 00:00 0 
7f9c4c0f7000-7f9c4c3fa000 rw-p 00000000 00:00 0 
7f9c4c3fa000-7f9c4ea00000 rw-p 00000000 00:00 0 
7f9c4ea01000-7f9c4ea05000 r--p 00000000 00:1c 435070                     /home/matthias/.cache/nvim/jdtls/studium/config/org.eclipse.equinox.launcher/org.eclipse.equinox.launcher.gtk.linux.x86_64_1.2.1500.v20250801-0854/eclipse_11916.so
7f9c4ea05000-7f9c4ea0f000 r-xp 00004000 00:1c 435070                     /home/matthias/.cache/nvim/jdtls/studium/config/org.eclipse.equinox.launcher/org.eclipse.equinox.launcher.gtk.linux.x86_64_1.2.1500.v20250801-0854/eclipse_11916.so
7f9c4ea0f000-7f9c4ea12000 r--p 0000e000 00:1c 435070                     /home/matthias/.cache/nvim/jdtls/studium/config/org.eclipse.equinox.launcher/org.eclipse.equinox.launcher.gtk.linux.x86_64_1.2.1500.v20250801-0854/eclipse_11916.so
7f9c4ea12000-7f9c4ea13000 r--p 00010000 00:1c 435070                     /home/matthias/.cache/nvim/jdtls/studium/config/org.eclipse.equinox.launcher/org.eclipse.equinox.launcher.gtk.linux.x86_64_1.2.1500.v20250801-0854/eclipse_11916.so
7f9c4ea13000-7f9c4ea14000 rw-p 00011000 00:1c 435070                     /home/matthias/.cache/nvim/jdtls/studium/config/org.eclipse.equinox.launcher/org.eclipse.equinox.launcher.gtk.linux.x86_64_1.2.1500.v20250801-0854/eclipse_11916.so
7f9c4ea14000-7f9c4fa15000 rw-p 00000000 00:00 0 
7f9c4fa15000-7f9c52715000 ---p 00000000 00:00 0 
7f9c52715000-7f9c5291d000 rw-p 00000000 00:00 0 
7f9c5291d000-7f9c52ebd000 ---p 00000000 00:00 0 
7f9c52ebd000-7f9c530be000 rw-p 00000000 00:00 0 
7f9c530be000-7f9c5365e000 ---p 00000000 00:00 0 
7f9c5365e000-7f9c5385f000 rw-p 00000000 00:00 0 
7f9c5385f000-7f9c53dff000 ---p 00000000 00:00 0 
7f9c53dff000-7f9c53e00000 rw-p 00000000 00:00 0 
7f9c53e00000-7f9c54540000 rwxp 00000000 00:00 0 
7f9c54540000-7f9c5b337000 ---p 00000000 00:00 0 
7f9c5b337000-7f9c5b5a7000 rwxp 00000000 00:00 0 
7f9c5b5a7000-7f9c5b8c8000 ---p 00000000 00:00 0 
7f9c5b8c8000-7f9c5bb38000 rwxp 00000000 00:00 0 
7f9c5bb38000-7f9c62e00000 ---p 00000000 00:00 0 
7f9c62e00000-7f9c6be05000 r--s 00000000 00:1c 1668304                    /usr/lib/jvm/java-26-openjdk/lib/modules
7f9c6be08000-7f9c6beca000 rw-p 00000000 00:00 0 
7f9c6bed8000-7f9c6beff000 r--p 00000000 00:1c 1782819                    /usr/share/locale/de/LC_MESSAGES/libc.mo
7f9c6beff000-7f9c6c49e000 rw-p 00000000 00:00 0 
7f9c6c49e000-7f9c70000000 ---p 00000000 00:00 0 
7f9c70003000-7f9c70004000 r--p 00000000 00:1c 1782143                    /usr/lib/libdl.so.2
7f9c70004000-7f9c70005000 r-xp 00001000 00:1c 1782143                    /usr/lib/libdl.so.2
7f9c70005000-7f9c70006000 r--p 00002000 00:1c 1782143                    /usr/lib/libdl.so.2
7f9c70006000-7f9c70007000 r--p 00002000 00:1c 1782143                    /usr/lib/libdl.so.2
7f9c70007000-7f9c70008000 rw-p 00003000 00:1c 1782143                    /usr/lib/libdl.so.2
7f9c70008000-7f9c70009000 r--p 00000000 00:1c 1782165                    /usr/lib/libpthread.so.0
7f9c70009000-7f9c7000a000 r-xp 00001000 00:1c 1782165                    /usr/lib/libpthread.so.0
7f9c7000a000-7f9c7000b000 r--p 00002000 00:1c 1782165                    /usr/lib/libpthread.so.0
7f9c7000b000-7f9c7000c000 r--p 00002000 00:1c 1782165                    /usr/lib/libpthread.so.0
7f9c7000c000-7f9c7000d000 rw-p 00003000 00:1c 1782165                    /usr/lib/libpthread.so.0
7f9c7000d000-7f9c7000f000 r--p 00000000 00:1c 1668302                    /usr/lib/jvm/java-26-openjdk/lib/libverify.so
7f9c7000f000-7f9c70019000 r-xp 00002000 00:1c 1668302                    /usr/lib/jvm/java-26-openjdk/lib/libverify.so
7f9c70019000-7f9c7001b000 r--p 0000c000 00:1c 1668302                    /usr/lib/jvm/java-26-openjdk/lib/libverify.so
7f9c7001b000-7f9c7001d000 r--p 0000d000 00:1c 1668302                    /usr/lib/jvm/java-26-openjdk/lib/libverify.so
7f9c7001d000-7f9c7001e000 rw-p 0000f000 00:1c 1668302                    /usr/lib/jvm/java-26-openjdk/lib/libverify.so
7f9c7001e000-7f9c7011f000 rw-p 00000000 00:00 0 
7f9c7011f000-7f9c70422000 rw-p 00000000 00:00 0 
7f9c70422000-7f9c70c2f000 rw-p 00000000 00:00 0 
7f9c70c2f000-7f9c70d15000 ---p 00000000 00:00 0 
7f9c70d15000-7f9c70d24000 rw-p 00000000 00:00 0 
7f9c70d24000-7f9c70e00000 ---p 00000000 00:00 0 
7f9c70e00000-7f9c70e94000 r--p 00000000 00:1c 1125459                    /usr/lib/libstdc++.so.6.0.34
7f9c70e94000-7f9c71034000 r-xp 00094000 00:1c 1125459                    /usr/lib/libstdc++.so.6.0.34
7f9c71034000-7f9c710ca000 r--p 00234000 00:1c 1125459                    /usr/lib/libstdc++.so.6.0.34
7f9c710ca000-7f9c710da000 r--p 002ca000 00:1c 1125459                    /usr/lib/libstdc++.so.6.0.34
7f9c710da000-7f9c710db000 rw-p 002da000 00:1c 1125459                    /usr/lib/libstdc++.so.6.0.34
7f9c710db000-7f9c710df000 rw-p 00000000 00:00 0 
7f9c710e2000-7f9c710e9000 r--s 00000000 00:1c 1782859                    /usr/lib/gconv/gconv-modules.cache
7f9c710e9000-7f9c710f0000 r--p 00000000 00:1c 1668294                    /usr/lib/jvm/java-26-openjdk/lib/libnio.so
7f9c710f0000-7f9c710f9000 r-xp 00007000 00:1c 1668294                    /usr/lib/jvm/java-26-openjdk/lib/libnio.so
7f9c710f9000-7f9c710fe000 r--p 00010000 00:1c 1668294                    /usr/lib/jvm/java-26-openjdk/lib/libnio.so
7f9c710fe000-7f9c710ff000 r--p 00014000 00:1c 1668294                    /usr/lib/jvm/java-26-openjdk/lib/libnio.so
7f9c710ff000-7f9c71100000 rw-p 00015000 00:1c 1668294                    /usr/lib/jvm/java-26-openjdk/lib/libnio.so
7f9c71100000-7f9c71104000 ---p 00000000 00:00 0 
7f9c71104000-7f9c71200000 rw-p 00000000 00:00 0 
7f9c71200000-7f9c7120e000 r--p 00000000 00:1c 1668317                    /usr/lib/jvm/java-26-openjdk/lib/server/libjvm.so
7f9c7120e000-7f9c72239000 r-xp 0000e000 00:1c 1668317                    /usr/lib/jvm/java-26-openjdk/lib/server/libjvm.so
7f9c72239000-7f9c72466000 r--p 01039000 00:1c 1668317                    /usr/lib/jvm/java-26-openjdk/lib/server/libjvm.so
7f9c72466000-7f9c72557000 r--p 01265000 00:1c 1668317                    /usr/lib/jvm/java-26-openjdk/lib/server/libjvm.so
7f9c72557000-7f9c72578000 rw-p 01356000 00:1c 1668317                    /usr/lib/jvm/java-26-openjdk/lib/server/libjvm.so
7f9c72578000-7f9c725fc000 rw-p 00000000 00:00 0 
7f9c72600000-7f9c72624000 r--p 00000000 00:1c 1782138                    /usr/lib/libc.so.6
7f9c72624000-7f9c727b9000 r-xp 00024000 00:1c 1782138                    /usr/lib/libc.so.6
7f9c727b9000-7f9c7280a000 r--p 001b9000 00:1c 1782138                    /usr/lib/libc.so.6
7f9c7280a000-7f9c7280e000 r--p 0020a000 00:1c 1782138                    /usr/lib/libc.so.6
7f9c7280e000-7f9c72810000 rw-p 0020e000 00:1c 1782138                    /usr/lib/libc.so.6
7f9c72810000-7f9c72818000 rw-p 00000000 00:00 0 
7f9c7281a000-7f9c7281c000 r--p 00000000 00:1c 1668293                    /usr/lib/jvm/java-26-openjdk/lib/libnet.so
7f9c7281c000-7f9c72823000 r-xp 00002000 00:1c 1668293                    /usr/lib/jvm/java-26-openjdk/lib/libnet.so
7f9c72823000-7f9c72825000 r--p 00009000 00:1c 1668293                    /usr/lib/jvm/java-26-openjdk/lib/libnet.so
7f9c72825000-7f9c72826000 r--p 0000a000 00:1c 1668293                    /usr/lib/jvm/java-26-openjdk/lib/libnet.so
7f9c72826000-7f9c72827000 rw-p 0000b000 00:1c 1668293                    /usr/lib/jvm/java-26-openjdk/lib/libnet.so
7f9c72827000-7f9c72829000 r--p 00000000 00:1c 1668303                    /usr/lib/jvm/java-26-openjdk/lib/libzip.so
7f9c72829000-7f9c72836000 r-xp 00002000 00:1c 1668303                    /usr/lib/jvm/java-26-openjdk/lib/libzip.so
7f9c72836000-7f9c7283c000 r--p 0000f000 00:1c 1668303                    /usr/lib/jvm/java-26-openjdk/lib/libzip.so
7f9c7283c000-7f9c7283d000 r--p 00014000 00:1c 1668303                    /usr/lib/jvm/java-26-openjdk/lib/libzip.so
7f9c7283d000-7f9c7283e000 rw-p 00015000 00:1c 1668303                    /usr/lib/jvm/java-26-openjdk/lib/libzip.so
7f9c7283e000-7f9c7287f000 rw-p 00000000 00:00 0 
7f9c7287f000-7f9c72889000 r--p 00000000 00:1c 1668279                    /usr/lib/jvm/java-26-openjdk/lib/libjava.so
7f9c72889000-7f9c72897000 r-xp 0000a000 00:1c 1668279                    /usr/lib/jvm/java-26-openjdk/lib/libjava.so
7f9c72897000-7f9c7289c000 r--p 00018000 00:1c 1668279                    /usr/lib/jvm/java-26-openjdk/lib/libjava.so
7f9c7289c000-7f9c7289d000 r--p 0001d000 00:1c 1668279                    /usr/lib/jvm/java-26-openjdk/lib/libjava.so
7f9c7289d000-7f9c7289e000 rw-p 0001e000 00:1c 1668279                    /usr/lib/jvm/java-26-openjdk/lib/libjava.so
7f9c7289e000-7f9c7289f000 rw-p 00000000 00:00 0 
7f9c7289f000-7f9c728a3000 r--p 00000000 00:1c 1125451                    /usr/lib/libgcc_s.so.1
7f9c728a3000-7f9c728ce000 r-xp 00004000 00:1c 1125451                    /usr/lib/libgcc_s.so.1
7f9c728ce000-7f9c728d2000 r--p 0002f000 00:1c 1125451                    /usr/lib/libgcc_s.so.1
7f9c728d2000-7f9c728d3000 r--p 00033000 00:1c 1125451                    /usr/lib/libgcc_s.so.1
7f9c728d3000-7f9c728d4000 rw-p 00034000 00:1c 1125451                    /usr/lib/libgcc_s.so.1
7f9c728d4000-7f9c728e4000 r--p 00000000 00:1c 1782148                    /usr/lib/libm.so.6
7f9c728e4000-7f9c72976000 r-xp 00010000 00:1c 1782148                    /usr/lib/libm.so.6
7f9c72976000-7f9c729c5000 r--p 000a2000 00:1c 1782148                    /usr/lib/libm.so.6
7f9c729c5000-7f9c729c6000 r--p 000f0000 00:1c 1782148                    /usr/lib/libm.so.6
7f9c729c6000-7f9c729c7000 rw-p 000f1000 00:1c 1782148                    /usr/lib/libm.so.6
7f9c729c7000-7f9c729ca000 rw-p 00000000 00:00 0 
7f9c729cc000-7f9c729d1000 rw-p 00000000 00:00 0 
7f9c729d1000-7f9c729d8000 ---p 00000000 00:00 0 
7f9c729d8000-7f9c729e0000 rw-s 00000000 00:34 3164                       /tmp/hsperfdata_matthias/31786
7f9c729e0000-7f9c729e2000 r--p 00000000 00:1c 1668274                    /usr/lib/jvm/java-26-openjdk/lib/libinstrument.so
7f9c729e2000-7f9c729e9000 r-xp 00002000 00:1c 1668274                    /usr/lib/jvm/java-26-openjdk/lib/libinstrument.so
7f9c729e9000-7f9c729ec000 r--p 00009000 00:1c 1668274                    /usr/lib/jvm/java-26-openjdk/lib/libinstrument.so
7f9c729ec000-7f9c729ed000 r--p 0000b000 00:1c 1668274                    /usr/lib/jvm/java-26-openjdk/lib/libinstrument.so
7f9c729ed000-7f9c729ee000 rw-p 0000c000 00:1c 1668274                    /usr/lib/jvm/java-26-openjdk/lib/libinstrument.so
7f9c729ee000-7f9c729ef000 ---p 00000000 00:00 0 
7f9c729ef000-7f9c729f0000 r--p 00000000 00:00 0 
7f9c729f0000-7f9c729f1000 ---p 00000000 00:00 0 
7f9c729f1000-7f9c729f2000 r--p 00000000 00:1c 1668283                    /usr/lib/jvm/java-26-openjdk/lib/libjimage.so
7f9c729f2000-7f9c729f4000 r-xp 00001000 00:1c 1668283                    /usr/lib/jvm/java-26-openjdk/lib/libjimage.so
7f9c729f4000-7f9c729f5000 r--p 00003000 00:1c 1668283                    /usr/lib/jvm/java-26-openjdk/lib/libjimage.so
7f9c729f5000-7f9c729f6000 r--p 00003000 00:1c 1668283                    /usr/lib/jvm/java-26-openjdk/lib/libjimage.so
7f9c729f6000-7f9c729f7000 rw-p 00004000 00:1c 1668283                    /usr/lib/jvm/java-26-openjdk/lib/libjimage.so
7f9c729f7000-7f9c729f9000 r--p 00000000 00:1c 1668284                    /usr/lib/jvm/java-26-openjdk/lib/libjli.so
7f9c729f9000-7f9c72a09000 r-xp 00002000 00:1c 1668284                    /usr/lib/jvm/java-26-openjdk/lib/libjli.so
7f9c72a09000-7f9c72a0f000 r--p 00012000 00:1c 1668284                    /usr/lib/jvm/java-26-openjdk/lib/libjli.so
7f9c72a0f000-7f9c72a10000 r--p 00017000 00:1c 1668284                    /usr/lib/jvm/java-26-openjdk/lib/libjli.so
7f9c72a10000-7f9c72a11000 rw-p 00018000 00:1c 1668284                    /usr/lib/jvm/java-26-openjdk/lib/libjli.so
7f9c72a11000-7f9c72a13000 rw-p 00000000 00:00 0 
7f9c72a13000-7f9c72a17000 r--p 00000000 00:00 0                          [vvar]
7f9c72a17000-7f9c72a19000 r--p 00000000 00:00 0                          [vvar_vclock]
7f9c72a19000-7f9c72a1b000 r-xp 00000000 00:00 0                          [vdso]
7f9c72a1b000-7f9c72a1c000 r--p 00000000 00:1c 1782129                    /usr/lib/ld-linux-x86-64.so.2
7f9c72a1c000-7f9c72a49000 r-xp 00001000 00:1c 1782129                    /usr/lib/ld-linux-x86-64.so.2
7f9c72a49000-7f9c72a55000 r--p 0002e000 00:1c 1782129                    /usr/lib/ld-linux-x86-64.so.2
7f9c72a55000-7f9c72a57000 r--p 00039000 00:1c 1782129                    /usr/lib/ld-linux-x86-64.so.2
7f9c72a57000-7f9c72a58000 rw-p 0003b000 00:1c 1782129                    /usr/lib/ld-linux-x86-64.so.2
7f9c72a58000-7f9c72a59000 rw-p 00000000 00:00 0 
7ffdf92e1000-7ffdf9302000 rw-p 00000000 00:00 0                          [stack]
ffffffffff600000-ffffffffff601000 --xp 00000000 00:00 0                  [vsyscall]
Total number of mappings: 315

JVMTI agents:
/home/matthias/.local/share/nvim/mason/share/jdtls/lombok.jar path:none, loaded, initialized, instrumentlib options:none


VM Arguments:
jvm_args: -Djdk.xml.totalEntitySizeLimit=0 -Declipse.application=org.eclipse.jdt.ls.core.id1 -Dosgi.bundles.defaultStartLevel=4 -Declipse.product=org.eclipse.jdt.ls.core.product -Dosgi.checkConfiguration=true -Dosgi.sharedConfiguration.area=/home/matthias/.local/share/nvim/mason/packages/jdtls/config_linux -Dosgi.sharedConfiguration.area.readOnly=true -Dosgi.configuration.cascaded=true -Xms1G --add-modules=ALL-SYSTEM --add-opens=java.base/java.util=ALL-UNNAMED --add-opens=java.base/java.lang=ALL-UNNAMED -javaagent:/home/matthias/.local/share/nvim/mason/share/jdtls/lombok.jar 
java_command: /home/matthias/.local/share/nvim/mason/packages/jdtls/plugins/org.eclipse.equinox.launcher_1.7.100.v20251111-0406.jar -data /home/matthias/.cache/nvim/jdtls/studium/workspace -configuration /home/matthias/.cache/nvim/jdtls/studium/config
java_class_path (initial): /home/matthias/.local/share/nvim/mason/packages/jdtls/plugins/org.eclipse.equinox.launcher_1.7.100.v20251111-0406.jar
Launcher Type: SUN_STANDARD

[Global flags]
     bool AOTAdapterCaching                        = false                                  {diagnostic} {ergonomic}
     bool AOTInvokeDynamicLinking                  = false                                  {diagnostic} {ergonomic}
     bool AOTRecordTraining                        = false                                  {diagnostic} {ergonomic}
     bool AOTReplayTraining                        = false                                  {diagnostic} {ergonomic}
     bool AOTStubCaching                           = false                                  {diagnostic} {ergonomic}
     intx CICompilerCount                          = 4                                         {product} {ergonomic}
     uint ConcGCThreads                            = 2                                         {product} {ergonomic}
     uint G1ConcRefinementThreads                  = 8                                         {product} {ergonomic}
     uint G1EagerReclaimRemSetThreshold            = 16                                   {experimental} {ergonomic}
   size_t G1HeapRegionSize                         = 2097152                                   {product} {ergonomic}
     uint G1RemSetArrayOfCardsEntries              = 16                                   {experimental} {ergonomic}
     uint G1RemSetHowlMaxNumBuckets                = 8                                    {experimental} {ergonomic}
     uint G1RemSetHowlNumBuckets                   = 8                                    {experimental} {ergonomic}
   size_t InitialHeapSize                          = 1073741824                                {product} {command line}
     bool IntelJccErratumMitigation                = true                              {ARCH diagnostic} {ergonomic}
   size_t MarkStackSize                            = 4194304                                   {product} {ergonomic}
   size_t MarkStackSizeMax                         = 536870912                                 {product} {ergonomic}
   size_t MaxHeapSize                              = 4095737856                                {product} {ergonomic}
   size_t MaxNewSize                               = 2455764992                                {product} {ergonomic}
 uint64_t MaxRAM                                   = 16377921536                               {product} {ergonomic}
   size_t MinHeapDeltaBytes                        = 2097152                                   {product} {ergonomic}
   size_t MinHeapSize                              = 1073741824                                {product} {command line}
   size_t NonNMethodCodeHeapSize                   = 5836800                                {pd product} {ergonomic}
   size_t NonProfiledCodeHeapSize                  = 122912768                              {pd product} {ergonomic}
   size_t ProfiledCodeHeapSize                     = 122908672                              {pd product} {ergonomic}
   size_t ReservedCodeCacheSize                    = 251658240                              {pd product} {ergonomic}
     bool SegmentedCodeCache                       = true                                      {product} {ergonomic}
   size_t SoftMaxHeapSize                          = 4095737856                             {manageable} {ergonomic}
     bool UseCompressedOops                        = true                           {product lp64_product} {ergonomic}
     bool UseCondCardMark                          = true                                      {product} {ergonomic}
     bool UseFastUnorderedTimeStamps               = true                                 {experimental} {ergonomic}
     bool UseG1GC                                  = true                                      {product} {ergonomic}
      int X86ICacheSync                            = 2                                 {ARCH diagnostic} {ergonomic}

Logging:
Log output configuration:
 #0: stdout all=warning uptime,level,tags foldmultilines=false
 #1: stderr all=off uptime,level,tags foldmultilines=false

Release file:
IMPLEMENTOR="Arch Linux"
JAVA_RUNTIME_VERSION="26.0.2"
JAVA_VERSION="26.0.2"
JAVA_VERSION_DATE="2026-03-17"
LIBC="gnu"
MODULES="java.base java.compiler java.datatransfer java.xml java.prefs java.desktop java.instrument java.logging java.management java.security.sasl java.naming java.rmi java.management.rmi java.net.http java.scripting java.security.jgss java.transaction.xa java.sql java.sql.rowset java.xml.crypto java.se java.smartcardio jdk.accessibility jdk.internal.jvmstat jdk.attach jdk.charsets jdk.internal.opt jdk.zipfs jdk.compiler jdk.crypto.cryptoki jdk.crypto.ec jdk.dynalink jdk.internal.ed jdk.editpad jdk.internal.vm.ci jdk.graal.compiler jdk.graal.compiler.management jdk.hotspot.agent jdk.httpserver jdk.incubator.vector jdk.internal.le jdk.internal.md jdk.jartool jdk.javadoc jdk.jcmd jdk.management jdk.management.agent jdk.jconsole jdk.jdeps jdk.jdwp.agent jdk.jdi jdk.jfr jdk.jlink jdk.jpackage jdk.jshell jdk.jstatd jdk.localedata jdk.management.jfr jdk.naming.dns jdk.naming.rmi jdk.net jdk.nio.mapmode jdk.sctp jdk.security.auth jdk.security.jgss jdk.unsupported jdk.unsupported.desktop jdk.xml.dom"
OS_ARCH="x86_64"
OS_NAME="Linux"
SOURCE=""

Environment Variables:
PATH=/home/matthias/.local/share/nvim/mason/bin:/usr/bin/nvim-linux-x86_64/bin:/usr/local/sbin:/usr/local/bin:/usr/bin:/usr/lib/jvm/default/bin:/usr/bin/site_perl:/usr/bin/vendor_perl:/usr/bin/core_perl:/usr/lib/rustup/bin
SHELL=/bin/fish
DISPLAY=:1
WAYLAND_DISPLAY=wayland-1
LANG=de_DE.UTF-8
LC_NUMERIC=de_DE.UTF-8
LC_TIME=de_DE.UTF-8
TERM=tmux-256color

Active Locale:
LC_ALL=de_DE.UTF-8
LC_COLLATE=de_DE.UTF-8
LC_CTYPE=de_DE.UTF-8
LC_MESSAGES=de_DE.UTF-8
LC_MONETARY=de_DE.UTF-8
LC_NUMERIC=de_DE.UTF-8
LC_TIME=de_DE.UTF-8

Signal Handlers:
   SIGSEGV: 0x00007f9c7215ef00 in libjvm.so+16117504, mask=11100100010111111101111111111110, flags=SA_RESTART|SA_SIGINFO, unblocked
    SIGBUS: 0x00007f9c7215ef00 in libjvm.so+16117504, mask=11100100010111111101111111111110, flags=SA_RESTART|SA_SIGINFO, unblocked
    SIGFPE: 0x00007f9c7215ef00 in libjvm.so+16117504, mask=11100100010111111101111111111110, flags=SA_RESTART|SA_SIGINFO, unblocked
   SIGPIPE: 0x00007f9c71fa4310 in libjvm.so+14304016, mask=11100100010111111101111111111110, flags=SA_RESTART|SA_SIGINFO, blocked
   SIGXFSZ: 0x00007f9c71fa4310 in libjvm.so+14304016, mask=11100100010111111101111111111110, flags=SA_RESTART|SA_SIGINFO, blocked
    SIGILL: 0x00007f9c7215ef00 in libjvm.so+16117504, mask=11100100010111111101111111111110, flags=SA_RESTART|SA_SIGINFO, unblocked
   SIGUSR2: 0x00007f9c71fa53c0 in libjvm.so+14308288, mask=00000000000000000000000000000000, flags=SA_RESTART|SA_SIGINFO, blocked
    SIGHUP: 0x00007f9c71f94c40 in libjvm.so+14240832, mask=11100100010111111101111111111110, flags=SA_RESTART|SA_SIGINFO, blocked
    SIGINT: 0x00007f9c71f94c40 in libjvm.so+14240832, mask=11100100010111111101111111111110, flags=SA_RESTART|SA_SIGINFO, blocked
   SIGTERM: 0x00007f9c71f94c40 in libjvm.so+14240832, mask=11100100010111111101111111111110, flags=SA_RESTART|SA_SIGINFO, blocked
   SIGQUIT: 0x00007f9c71f94c40 in libjvm.so+14240832, mask=11100100010111111101111111111110, flags=SA_RESTART|SA_SIGINFO, blocked
   SIGTRAP: 0x00007f9c7215ef00 in libjvm.so+16117504, mask=11100100010111111101111111111110, flags=SA_RESTART|SA_SIGINFO, unblocked


Compilation memory statistics disabled.

Periodic native trim disabled

---------------  S Y S T E M  ---------------

OS:
DISTRIB_ID=cachyos
DISTRIB_RELEASE="rolling"
DISTRIB_DESCRIPTION="CachyOS"
uname: Linux 6.19.12-1-cachyos #1 SMP PREEMPT_DYNAMIC Sun, 12 Apr 2026 13:50:14 +0000 x86_64
OS uptime: 4 days 2:10 hours
libc: glibc 2.43 NPTL 2.43 
rlimit (soft/hard): STACK 8192k/infinity , CORE infinity/infinity , NPROC 62346/62346 , NOFILE 2097152/2097152 , AS infinity/infinity , CPU infinity/infinity , DATA infinity/infinity , FSIZE infinity/infinity , MEMLOCK 8192k/8192k
load average: 4,18 2,14 1,22

/proc/meminfo:
MemTotal:       15994064 kB
MemFree:         1425172 kB
MemAvailable:   10671040 kB
Buffers:            4156 kB
Cached:          8164540 kB
SwapCached:            0 kB
Active:          6411068 kB
Inactive:        4654408 kB
Active(anon):    3742976 kB
Inactive(anon):        0 kB
Active(file):    2668092 kB
Inactive(file):  4654408 kB
Unevictable:      698824 kB
Mlocked:           12512 kB
SwapTotal:      15993852 kB
SwapFree:       15993852 kB
Zswap:                 0 kB
Zswapped:              0 kB
Dirty:               792 kB
Writeback:             0 kB
AnonPages:       3561616 kB
Mapped:           912788 kB
Shmem:            836036 kB
KReclaimable:    2262048 kB
Slab:            2493680 kB
SReclaimable:    2262048 kB
SUnreclaim:       231632 kB
KernelStack:       20368 kB
PageTables:        51140 kB
SecPageTables:      2056 kB
NFS_Unstable:          0 kB
Bounce:                0 kB
WritebackTmp:          0 kB
CommitLimit:    23990884 kB
Committed_AS:   24210660 kB
VmallocTotal:   34359738367 kB
VmallocUsed:      165952 kB
VmallocChunk:          0 kB
Percpu:             5760 kB
HardwareCorrupted:     0 kB
AnonHugePages:   1318912 kB
ShmemHugePages:   698368 kB
ShmemPmdMapped:    59392 kB
FileHugePages:    253952 kB
FilePmdMapped:     98304 kB
CmaTotal:              0 kB
CmaFree:               0 kB
Unaccepted:            0 kB
Balloon:               0 kB
HugePages_Total:       0
HugePages_Free:        0
HugePages_Rsvd:        0
HugePages_Surp:        0
Hugepagesize:       2048 kB
Hugetlb:               0 kB
DirectMap4k:      229900 kB
DirectMap2M:     6731776 kB
DirectMap1G:    10485760 kB

/sys/kernel/mm/transparent_hugepage/enabled: [always] madvise never
/sys/kernel/mm/transparent_hugepage/hpage_pmd_size: 2097152
/sys/kernel/mm/transparent_hugepage/shmem_enabled: always [within_size] advise never deny force
/sys/kernel/mm/transparent_hugepage/defrag (defrag/compaction efforts parameter): always defer [defer+madvise] madvise never

Process Memory:
Virtual Size: 8489704K (peak: 8489704K)
Resident Set Size: 379152K (peak: 379152K) (anon: 349044K, file: 30076K, shmem: 32K)
Swapped out: 0K
C-Heap outstanding allocations: 84434K, retained: 52381K
glibc malloc tunables: (default)

/proc/sys/kernel/threads-max (system-wide limit on the number of threads): 124693
/proc/sys/vm/max_map_count (maximum number of memory map areas a process may have): 1048576
/proc/sys/vm/swappiness (control to define how aggressively the kernel swaps out anonymous memory): 150
/proc/sys/kernel/pid_max (system-wide limit on number of process identifiers): 4194304

container information not found.
Steal ticks since vm start: 0
Steal ticks percentage since vm start:  0,000

CPU: total 8 (initial active 8) (4 cores per cpu, 2 threads per core) family 6 model 142 stepping 12 microcode 0x100, cx8, cmov, fxsr, ht, mmx, 3dnowpref, sse, sse2, sse3, ssse3, sse4.1, sse4.2, popcnt, lzcnt, tsc, tscinvbit, avx, avx2, aes, erms, clmul, bmi1, bmi2, rtm, adx, fma, vzeroupper, clflush, clflushopt, rdtscp, f16c
CPU Model and flags from /proc/cpuinfo:
model name	: Intel(R) Core(TM) i7-10610U CPU @ 1.80GHz
flags		: fpu vme de pse tsc msr pae mce cx8 apic sep mtrr pge mca cmov pat pse36 clflush dts acpi mmx fxsr sse sse2 ss ht tm pbe syscall nx pdpe1gb rdtscp lm constant_tsc art arch_perfmon pebs bts rep_good nopl xtopology nonstop_tsc cpuid aperfmperf pni pclmulqdq dtes64 monitor ds_cpl vmx smx est tm2 ssse3 sdbg fma cx16 xtpr pdcm pcid sse4_1 sse4_2 x2apic movbe popcnt tsc_deadline_timer aes xsave avx f16c rdrand lahf_lm abm 3dnowprefetch cpuid_fault epb ssbd ibrs ibpb stibp ibrs_enhanced tpr_shadow flexpriority ept vpid ept_ad fsgsbase tsc_adjust sgx bmi1 avx2 smep bmi2 erms invpcid mpx rdseed adx smap clflushopt intel_pt xsaveopt xsavec xgetbv1 xsaves dtherm ida arat pln pts hwp hwp_notify hwp_act_window hwp_epp vnmi md_clear flush_l1d arch_capabilities

Online cpus: 0-7
Offline cpus: 
BIOS frequency limitation: <Not Available>
Frequency switch latency (ns): 0
Available cpu frequencies: <Not Available>
Current governor: powersave
Core performance/turbo boost: <Not Available>

Memory: 4k page, physical 15994064k(10671040k free), swap 15993852k(15993852k free)
Page Sizes: 4k

vm_info: OpenJDK 64-Bit Server VM (26.0.2) for linux-amd64 JRE (26.0.2), built on 2026-03-24T13:50:48Z with gcc 15.2.1 20260209

END.
